TIME,30.0463,30.3998,30.7617,31.1323,31.512,31.901,32.2998,32.7087,33.128,33.5582,33.9998,34.4531,34.9187,35.397,35.8887,36.3941,36.9141,37.449,37.9998,38.5669,39.1513,39.7536,40.3748,41.0156,41.6772,42.3604,43.0664,43.7963,44.5515,45.3331,46.1426,46.9815,47.8516,48.7544,49.692,50.6664,51.6797,52.7344,53.833,54.9784,56.1736,57.4219,58.7269,60.0927,61.5234,63.024,64.5996,66.256,67.9996,69.8374,71.7773,73.8281,75.9995,78.3026,80.7495,83.3543,86.1328,89.1029,92.2852,95.7031,99.384,103.359,107.666,112.347,117.454,123.047,129.199,135.999,143.555,151.999,161.499,172.266,184.57,198.768,215.332,234.908,258.398,287.109,322.998,369.141,430.664
0.000000000,5.41633e-05,8.28729e-06,2.23301e-05,0.00047243,0.000532842,0.000627737,0.000633247,0.000336325,0.00888995,0.0207548,0.0169802,0.0135372,0.00612573,0.000920515,0.00014647,8.06348e-05,0.00010549,8.26981e-05,0.000317967,0.00057777,0.000669732,0.00046046,9.34739e-05,1.87169e-05,7.25447e-05,0.00132996,0.00581429,0.00878441,0.00318886,0.000157481,4.24703e-06,5.83965e-08,8.04834e-05,0.000579511,0.000604327,0.000852829,0.000562987,0.000137649,0.00541222,0.0116734,0.00947017,0.00892059,0.00360629,0.00104209,6.88033e-05,0.000109233,0.000454175,0.000861279,0.00105081,0.00127955,0.000621403,0.000233823,2.23748e-06,4.49825e-06,0.000104569,0.00224215,0.00902165,0.00720343,0.00104806,2.14691e-05,4.3217e-06,9.72195e-06,0.000235812,0.000553895,0.000645839,0.000786564,0.000224187,7.01439e-05,0.00936885,0.0218472,0.0176959,0.0143168,0.00558596,0.000323402,0.000155738,5.34685e-05,7.39156e-05,0.000387687,0.000608812,0.000490985,0.000248387
1.486077098,0.000116533,9.56461e-06,2.24154e-05,0.00047243,0.000566479,0.000653093,0.00069234,0.000379,0.00891551,0.0207987,0.0170446,0.0135474,0.00635552,0.00101903,0.000481416,0.000381963,0.000122826,0.00014057,0.000342168,0.000671972,0.00075897,0.000478657,9.38917e-05,1.978e-05,7.33567e-05,0.0013325,0.00582445,0.00936821,0.00436177,0.000444414,1.19787e-05,2.03677e-06,8.68905e-05,0.000587297,0.000604327,0.000873849,0.000594729,0.000149532,0.00541901,0.0116788,0.00953629,0.00898025,0.00370803,0.00112106,0.000137463,0.000118632,0.000469533,0.000967508,0.00116676,0.00133194,0.000623298,0.000241841,2.23748e-06,4.60704e-06,0.000106585,0.00236639,0.00956803,0.00783105,0.00146,0.000108817,6.67296e-06,1.34176e-05,0.000240382,0.000574001,0.000664126,0.000796192,0.000238251,0.000116146,0.00937847,0.0218508,0.0178737,0.014452,0.00570715,0.000324409,0.000155738,8.65875e-05,0.0001026,0.000488858,0.000724117,0.00052926,0.000248387
2.972154195,0.000630781,9.56461e-06,2.47144e-05,0.000472477,0.00056883,0.000692528,0.000866801,0.000392681,0.00891572,0.0208232,0.0170498,0.0136903,0.0072178,0.0013226,0.000512189,0.000383872,0.000132895,0.000144137,0.000372092,0.000723537,0.000801319,0.000496436,0.000144912,2.25614e-05,7.43227e-05,0.00133688,0.0062397,0.0107144,0.00466305,0.000448631,1.19787e-05,2.10644e-06,8.72486e-05,0.000587332,0.000606543,0.000997263,0.000868766,0.000170522,0.00548082,0.0116984,0.0101452,0.00914255,0.00379958,0.00146804,0.000206827,0.00012031,0.000469533,0.000968103,0.00117536,0.00148837,0.00063768,0.000241978,2.20276e-05,9.70902e-06,0.000110614,0.00252033,0.0103038,0.00847956,0.00156793,0.000110855,1.10722e-05,1.41456e-05,0.00024056,0.000580047,0.000706146,0.00085281,0.000277486,0.000145815,0.00948923,0.0218737,0.0181596,0.0145625,0.00594727,0.000818677,0.000170907,8.8045e-05,0.000103458,0.000508575,0.00077698,0.000566414,0.000248387
4.458231293,0.000638875,9.56461e-06,2.58865e-05,0.00050006,0.00057451,0.000701013,0.000902668,0.000413384,0.00891592,0.0208232,0.0170503,0.0137472,0.00723683,0.00132308,0.000518654,0.000408973,0.000132895,0.000294724,0.000431239,0.00107852,0.000984697,0.000500945,0.000144912,2.25614e-05,7.43227e-05,0.00133879,0.00624013,0.011128,0.00649531,0.00111138,2.28637e-05,2.10644e-06,8.72486e-05,0.000644165,0.000628411,0.00101591,0.000959078,0.000181412,0.00548082,0.0116984,0.0101509,0.0092162,0.00382696,0.00146951,0.000212009,0.000229387,0.000491087,0.0010155,0.00120229,0.00189565,0.000785898,0.000259641,2.31042e-05,9.70902e-06,0.000135895,0.00263626,0.0107024,0.00891651,0.0034131,0.000720779,1.10722e-05,1.41456e-05,0.000244878,0.000662945,0.00076658,0.000938307,0.000284397,0.000145922,0.00948952,0.0219239,0.0181696,0.0145628,0.00596595,0.000833149,0.000173761,0.000119053,0.000120128,0.000814896,0.000853076,0.000567482,0.000260321
5.944308390,0.000678061,1.43083e-05,2.58865e-05,0.00050006,0.00057451,0.00070438,0.000928055,0.000423297,0.00894144,0.0208862,0.0170514,0.0137587,0.00724317,0.00132391,0.000518654,0.000408973,0.000132895,0.000318501,0.000567103,0.0012782,0.000991112,0.000501857,0.000146229,2.25614e-05,8.58245e-05,0.00171859,0.00738325,0.0116337,0.00652991,0.0011167,2.36967e-05,2.10644e-06,8.74108e-05,0.000644664,0.000644254,0.00105094,0.000966463,0.00018159,0.00548082,0.011704,0.0101638,0.00922575,0.00383899,0.00150308,0.000212221,0.000229387,0.000491288,0.00105772,0.00137607,0.00201594,0.000785968,0.000259641,2.31042e-05,9.70902e-06,0.000144194,0.00340218,0.0130178,0.0096356,0.0034131,0.000720779,1.10722e-05,1.49058e-05,0.000247375,0.000705674,0.000911643,0.000972376,0.000284397,0.000145922,0.00948997,0.0219346,0.0181806,0.0145671,0.00598151,0.000855975,0.000173761,0.000119053,0.000120413,0.000844655,0.000973863,0.000598053,0.000260321
7.430385488,0.000719448,1.83489e-05,2.98714e-05,0.000500162,0.000575438,0.000748637,0.00101388,0.000461625,0.00894673,0.020898,0.0170573,0.0137736,0.00728218,0.00135474,0.00052978,0.000419278,0.000151059,0.000318501,0.000574915,0.00132757,0.00107758,0.000537668,0.000157126,2.37471e-05,9.03343e-05,0.00173797,0.0074902,0.0119335,0.00699135,0.00138732,6.15752e-05,2.87195e-06,9.01845e-05,0.00065239,0.000669992,0.00112659,0.00101293,0.000199078,0.00549249,0.0117342,0.010165,0.009227,0.00384856,0.00151842,0.000212221,0.000248738,0.000524718,0.00106362,0.00138044,0.00203037,0.00080661,0.000259641,2.31042e-05,9.70902e-06,0.000155948,0.00353535,0.0134456,0.0101603,0.00365744,0.000800995,1.96838e-05,1.49058e-05,0.000247375,0.000730874,0.000954269,0.000989046,0.000291722,0.000148031,0.00950884,0.0219485,0.0181806,0.0145671,0.00598151,0.00085662,0.000173971,0.000145356,0.000138216,0.000852226,0.00100073,0.000647512,0.000262538
8.916462585,0.000813694,1.96282e-05,3.06613e-05,0.000500623,0.000591613,0.000874208,0.00119397,0.000470987,0.00894686,0.020898,0.0170615,0.0137746,0.00730946,0.00141636,0.000579366,0.000422017,0.000151913,0.000324138,0.000581535,0.00135234,0.00114974,0.000574789,0.000161329,2.37471e-05,9.03343e-05,0.00173797,0.00751946,0.0121375,0.00731084,0.00145923,6.54359e-05,2.87195e-06,9.12281e-05,0.000655047,0.000718576,0.00123112,0.00104049,0.000199078,0.00549279,0.0117344,0.0101688,0.00926861,0.0038966,0.00157652,0.000215165,0.000248738,0.000527525,0.00106562,0.00139252,0.00215237,0.00091918,0.000276103,2.31042e-05,9.70902e-06,0.000157603,0.00356913,0.0136054,0.0103872,0.00367738,0.000801794,1.996e-05,1.53174e-05,0.000249717,0.000784408,0.00106104,0.00101485,0.000292124,0.000150874,0.00951187,0.0219496,0.0181918,0.0145942,0.00602281,0.000870031,0.000174407,0.00014721,0.000140139,0.000859002,0.00103382,0.000731354,0.000294382
10.402539683,0.018217,0.00629337,0.00142747,0.000850175,0.000591613,0.000874208,0.00119397,0.001032,0.00992936,0.0211806,0.0170615,0.0137746,0.00733026,0.00160691,0.00319532,0.00152215,0.00247326,0.0067417,0.00231406,0.00139182,0.00114974,0.000574789,0.000161329,2.37471e-05,9.11841e-05,0.00173854,0.00752995,0.0123046,0.0103663,0.0115813,0.00371564,0.000435879,0.000179572,0.000655047,0.000729152,0.0012813,0.00109153,0.000201518,0.00549322,0.0117398,0.0101688,0.00930755,0.00416929,0.00217977,0.000409893,0.000248738,0.000527958,0.00106622,0.00139252,0.00215237,0.000920232,0.000277784,2.34103e-05,1.12694e-05,0.000157603,0.00361878,0.0139671,0.0112274,0.00379272,0.000802508,1.996e-05,1.53174e-05,0.000249717,0.000787913,0.00108452,0.00104746,0.000299488,0.000152892,0.00951894,0.0219518,0.0182099,0.0147297,0.00613246,0.000875496,0.000174497,0.00014721,0.000140139,0.000860541,0.0010543,0.000749334,0.000299999
11.888616780,0.0182572,0.00751557,0.0101798,0.00766864,0.00191871,0.000874208,0.00119397,0.001032,0.042787,0.177945,0.155602,0.0269323,0.00733026,0.00179743,0.020556,0.0431521,0.00359953,0.00674187,0.00252303,0.00883628,0.0214361,0.000574789,0.000161329,2.37471e-05,9.11841e-05,0.00173854,0.0138184,0.0358993,0.0182146,0.0875718,0.166507,0.0718607,0.0132208,0.00202092,0.000743436,0.00141754,0.0011278,0.000201518,0.00549322,0.0117398,0.0123041,0.0606233,0.178504,0.111398,0.00491723,0.00195069,0.0120404,0.00749216,0.00234224,0.00215237,0.000920232,0.000277784,2.34103e-05,0.0101343,0.0481022,0.0450526,0.112456,0.306753,0.116968,0.0119932,0.0018499,1.53174e-05,0.000249717,0.000787913,0.00108452,0.00104746,0.000299488,0.000188302,0.0541782,0.205468,0.097383,0.0211894,0.0125839,0.0801767,0.18601,0.0452774,0.000140795,0.000860541,0.0010543,0.000749334,0.000299999
13.374693878,0.0516891,0.00751557,0.0101798,0.00766772,0.00191399,0.01834,0.00777288,0.001032,0.0340205,0.157332,0.19765,0.166034,0.147883,0.085509,0.215556,0.138494,0.00367518,0.00674187,0.00252303,0.00883628,0.0214241,0.00871027,0.0120374,0.0584275,0.130251,0.118649,0.286125,0.244798,0.0536441,0.144391,0.187833,0.0718607,0.0132208,0.00222086,0.0180912,0.00745572,0.0011278,0.00020036,0.000535064,0.0313861,0.0945155,0.235846,0.271002,0.128322,0.0404932,0.00197896,0.0116369,0.00678331,0.00925421,0.0214295,0.000935855,0.0123065,0.0532518,0.145866,0.147252,0.0533721,0.133001,0.323682,0.182486,0.167263,0.0660181,6.62191e-05,0.000249717,0.0190734,0.0196733,0.00104746,0.000299488,0.000188302,0.0700781,0.209486,0.109827,0.102692,0.0681986,0.110207,0.22784,0.0645039,0.00953565,0.0017778,0.0010543,0.000749334,0.000299999
14.860770975,0.155819,0.0755874,0.0174456,0.00764951,0.00183026,0.0181258,0.0136457,0.0068581,0.033979,0.166193,0.369269,0.415928,0.331728,0.311525,0.420546,0.184028,0.00379611,0.00674187,0.0065156,0.016854,0.0214462,0.00868806,0.0120374,0.0584271,0.148234,0.176115,0.417719,0.718818,0.494095,0.279198,0.264718,0.080825,0.0147134,0.00222038,0.0179256,0.0095302,0.0080218,0.000281532,0.000535064,0.12663,0.301641,0.354218,0.406103,0.312992,0.235482,0.105693,0.0116369,0.0079129,0.0166973,0.0246641,0.000935855,0.0123065,0.0532518,0.145866,0.174602,0.161982,0.548473,0.91068,0.387727,0.242966,0.0720363,6.58889e-05,0.000249624,0.0190734,0.0222686,0.00793823,0.00029937,0.00112364,0.152843,0.498351,0.310167,0.202736,0.16358,0.35765,0.532459,0.132122,0.00953565,0.0017778,0.0010163,0.000733308,0.00029598
16.346848073,0.313074,0.126765,0.0174456,0.00763833,0.00177431,0.0266822,0.0194161,0.00685769,0.0339771,0.174623,0.384344,0.594504,0.580205,0.430613,0.457427,0.192572,0.00374991,0.00674187,0.0131912,0.0214847,0.0212309,0.00838217,0.0146117,0.0654925,0.222638,0.392221,0.813127,0.981664,0.557075,0.31893,0.272326,0.080825,0.0147134,0.00221374,0.0190232,0.0169946,0.0112969,0.000254513,0.000510064,0.13737,0.324141,0.480434,0.680471,0.627305,0.341984,0.109336,0.0116369,0.00785965,0.0239196,0.0297368,0.000855754,0.012727,0.0552165,0.152876,0.257272,0.409441,0.935517,1.10823,0.406783,0.245193,0.0720363,6.58889e-05,0.00123619,0.0197065,0.0221853,0.0112827,0.00247148,0.00110249,0.152802,0.509191,0.324968,0.249201,0.320024,0.555123,0.587881,0.134543,0.01025,0.00311465,0.00276415,0.00464332,0.00435843
17.832925170,0.313074,0.126765,0.0180291,0.00944486,0.00203557,0.0266027,0.0193877,0.00685732,0.0339674,0.176277,0.480247,0.841382,0.712979,0.518359,0.668731,0.377514,0.0386877,0.00672314,0.0131791,0.0236754,0.0243358,0.00837672,0.0146117,0.0654897,0.234054,0.439532,0.845363,1.20612,0.873078,0.502368,0.394232,0.125519,0.016025,0.00464564,0.018921,0.0169883,0.0112969,0.000254248,0.0284602,0.273405,0.473421,0.57598,0.831515,0.754486,0.389538,0.115543,0.0116267,0.00784144,0.0238543,0.0327274,0.00320179,0.0126329,0.0552165,0.152876,0.283056,0.610921,1.35455,1.36717,0.46213,0.36383,0.19111,0.0374914,0.00112261,0.0194681,0.0221007,0.0112793,0.00247101,0.00109009,0.248393,0.859755,0.595431,0.328966,0.509183,0.787808,0.661929,0.134512,0.0102214,0.0031135,0.00269738,0.00437759,0.00417871
19.319002268,0.328044,0.129999,0.0207342,0.0204883,0.00754263,0.0283674,0.0193589,0.00685732,0.0339674,0.179562,0.49782,0.883893,0.776794,0.559859,0.671725,0.377621,0.0386792,0.00672314,0.0131094,0.0236565,0.0244888,0.00861282,0.014599,0.0936934,0.305389,0.501119,0.929836,1.3088,0.907897,0.560795,0.408303,0.125519,0.016025,0.00462862,0.0207881,0.0179244,0.0112701,0.000254248,0.0313062,0.309906,0.590815,0.712272,0.988958,0.821211,0.391847,0.115481,0.0116175,0.00784144,0.0237122,0.0326627,0.00336834,0.0152081,0.0569259,0.207236,0.415494,0.7742,1.56339,1.44358,0.464521,0.366331,0.191106,0.0374911,0.00112261,0.019977,0.0266631,0.0128857,0.00247101,0.00109009,0.273717,0.974319,0.65565,0.342606,0.612285,1.01112,0.749626,0.151241,0.0117724,0.00367623,0.00283165,0.00435477,0.00417451
20.805079365,0.330832,0.129999,0.0207271,0.0204632,0.00754263,0.0283332,0.0191674,0.00674342,0.0339674,0.179562,0.49782,0.895653,0.789208,0.564358,0.671765,0.377627,0.0386792,0.00672314,0.0130873,0.0271118,0.0331765,0.0119922,0.014599,0.0936934,0.305389,0.501053,0.934457,1.37936,0.953484,0.571481,0.416146,0.127075,0.0159748,0.00556323,0.0217449,0.0179591,0.011066,0.000254248,0.0313062,0.309906,0.591016,0.720501,0.995542,0.827828,0.392597,0.115601,0.0116175,0.00782565,0.0240179,0.0377755,0.00655513,0.0155827,0.0569259,0.207236,0.415494,0.777791,1.59732,1.50184,0.471544,0.371867,0.193005,0.0376625,0.0010212,0.0204964,0.0268623,0.0126531,0.00247101,0.00109009,0.273717,0.975348,0.6631,0.350792,0.626794,1.02144,0.749745,0.151241,0.0117724,0.00356339,0.00269297,0.00433725,0.00416656
22.291156463,0.343276,0.130088,0.0208191,0.0204632,0.00752239,0.0282816,0.0197241,0.0070475,0.0339137,0.179529,0.49782,0.896204,0.790686,0.564165,0.671702,0.377616,0.0386769,0.00672314,0.0130653,0.0270391,0.0330645,0.0119383,0.0147954,0.0946577,0.306856,0.503209,0.93766,1.38753,0.962886,0.575137,0.416183,0.127075,0.0159748,0.00555309,0.0224793,0.0206999,0.0134378,0.000166674,0.0312825,0.309902,0.591429,0.720491,0.995357,0.827764,0.392595,0.115599,0.0116175,0.00780993,0.0239432,0.0376658,0.00642485,0.0157137,0.0572345,0.20915,0.424868,0.785173,1.619,1.53908,0.502243,0.371864,0.193005,0.0376625,0.00101716,0.0246147,0.0370384,0.0157256,0.00236439,0.00105969,0.273712,0.975348,0.663108,0.350774,0.626782,1.0215,0.749745,0.151396,0.0125341,0.00417068,0.00381017,0.00493267,0.00421845
23.777233560,0.344476,0.130108,0.0208589,0.0204906,0.00754516,0.0282066,0.0197736,0.00744851,0.0341142,0.179527,0.49782,0.896111,0.790541,0.564161,0.672125,0.378339,0.0389121,0.0067472,0.0129577,0.0270111,0.0330783,0.0119864,0.0147822,0.09469,0.306893,0.503083,0.936941,1.3879,0.967282,0.578031,0.41619,0.127084,0.0160655,0.00551066,0.0223534,0.0209174,0.0141272,0.000600501,0.0312825,0.309897,0.591439,0.720555,0.995236,0.827887,0.392808,0.115648,0.0115862,0.00776048,0.0238886,0.0375688,0.00643752,0.0157129,0.0573533,0.20936,0.424866,0.785009,1.62006,1.54162,0.503564,0.371869,0.193005,0.0378185,0.00120907,0.0245028,0.0370729,0.0159598,0.00244486,0.00105397,0.273712,0.975385,0.663126,0.350541,0.626634,1.02171,0.749917,0.151396,0.012501,0.00411099,0.00372032,0.00486913,0.00421512
25.263310658,0.346095,0.130527,0.0208653,0.0205357,0.00759439,0.0281815,0.01972,0.00745062,0.0341242,0.17951,0.497788,0.896268,0.790376,0.564122,0.671868,0.378083,0.0389038,0.00669435,0.0129406,0.0269363,0.0333097,0.0123166,0.014933,0.0948701,0.306979,0.503106,0.936933,1.38742,0.966798,0.57857,0.416371,0.127107,0.0161236,0.00555488,0.0223534,0.0209395,0.014188,0.000640429,0.0312868,0.309921,0.591485,0.72056,0.995162,0.827998,0.393156,0.115765,0.0116231,0.00765425,0.0238762,0.0377385,0.00655255,0.0157915,0.0574646,0.209392,0.424864,0.784885,1.61981,1.54189,0.503696,0.371796,0.193006,0.0378148,0.0012045,0.024495,0.037287,0.0164095,0.00273945,0.00102064,0.273717,0.975395,0.662983,0.350476,0.626737,1.02198,0.749985,0.15139,0.0124723,0.00420634,0.00400589,0.00503805,0.00423103
26.749387755,0.345974,0.130561,0.0208661,0.0205405,0.00761211,0.0282066,0.0196386,0.00777793,0.034402,0.179486,0.497786,0.896142,0.789754,0.564439,0.671929,0.378101,0.0389345,0.00672336,0.0129207,0.0268861,0.0333,0.0123216,0.0149009,0.0948799,0.307083,0.503195,0.936519,1.38621,0.96715,0.579031,0.416411,0.127122,0.0162157,0.00564439,0.0226248,0.0213915,0.0149105,0.000632546,0.0312386,0.309902,0.590883,0.720488,0.995418,0.827803,0.393166,0.115847,0.0117494,0.00766577,0.0238676,0.0376032,0.00654721,0.0157945,0.0574567,0.209512,0.424895,0.784754,1.61955,1.54261,0.504048,0.371881,0.193004,0.0378344,0.00128487,0.0246617,0.0373174,0.0164318,0.00277419,0.00100477,0.273626,0.975431,0.66282,0.350448,0.626505,1.02149,0.750041,0.151489,0.0124974,0.00419238,0.00396537,0.0050169,0.00427177
28.235464853,0.347161,0.131202,0.0209397,0.0205155,0.00760654,0.0281981,0.0196143,0.007796,0.0344966,0.179552,0.497794,0.896085,0.789735,0.564507,0.672024,0.378261,0.0391013,0.0067743,0.0128703,0.0265716,0.0331327,0.0131711,0.0155372,0.0950049,0.30709,0.503193,0.936519,1.38592,0.966368,0.579042,0.416575,0.127135,0.016216,0.00558798,0.0226076,0.021377,0.0149764,0.00074955,0.0314217,0.309931,0.590877,0.720478,0.995428,0.827898,0.393238,0.115792,0.0117765,0.00761838,0.0238576,0.0380074,0.00684176,0.0158368,0.0574564,0.209512,0.42487,0.784649,1.61935,1.54286,0.502466,0.371283,0.193011,0.0378356,0.00128055,0.0246179,0.0376997,0.0176319,0.00282902,0.00100782,0.273625,0.97538,0.662838,0.3505,0.626528,1.02157,0.750042,0.151458,0.0124837,0.00396387,0.00433501,0.00521957,0.00428851
29.721541950,0.347502,0.131282,0.0209599,0.0205155,0.00760852,0.0282384,0.0197144,0.00801196,0.0346029,0.179527,0.497803,0.896164,0.789831,0.564687,0.672234,0.378295,0.0391191,0.00675424,0.0127565,0.0264239,0.033176,0.0132617,0.0156585,0.0950355,0.307078,0.502815,0.935401,1.38572,0.966982,0.579394,0.416577,0.127145,0.0162185,0.00559353,0.0226138,0.0214379,0.0151506,0.000857374,0.0314521,0.309938,0.590939,0.720536,0.995492,0.827958,0.393306,0.115848,0.0118165,0.00757641,0.0237169,0.0379499,0.00689006,0.0158957,0.0574767,0.209515,0.424864,0.783934,1.61726,1.54277,0.50324,0.371631,0.193037,0.037835,0.00128322,0.0245836,0.0375976,0.0177037,0.00288629,0.00101274,0.273628,0.975504,0.662986,0.350653,0.626642,1.02173,0.750184,0.151575,0.0124879,0.00395543,0.00425156,0.00522152,0.00429271
31.207619048,0.347468,0.131278,0.0209602,0.0205373,0.00769851,0.0283481,0.0197621,0.00803819,0.0345976,0.179525,0.497809,0.896177,0.789919,0.564846,0.672379,0.378323,0.0391009,0.00675509,0.0127916,0.0265576,0.0332092,0.0132611,0.0156527,0.0950343,0.307088,0.502804,0.935366,1.38594,0.966945,0.57919,0.416539,0.127144,0.0162434,0.00567338,0.0226723,0.0214622,0.0152322,0.00086475,0.0314446,0.309914,0.590955,0.720682,0.995642,0.828065,0.393324,0.115829,0.0117834,0.00758795,0.0238515,0.0380698,0.00693747,0.0159073,0.0574798,0.209534,0.424865,0.783829,1.61719,1.54271,0.503111,0.371554,0.193039,0.0378457,0.00132704,0.024625,0.0376616,0.0178238,0.00293674,0.00101063,0.273615,0.975499,0.663051,0.350774,0.626794,1.02178,0.750189,0.15155,0.0124753,0.00401105,0.00434158,0.00523777,0.00434951
32.693696145,0.347682,0.131281,0.0211315,0.0208435,0.00769851,0.0282593,0.0196126,0.00805694,0.0346129,0.179525,0.497805,0.896316,0.790133,0.564958,0.672467,0.378392,0.0391713,0.0067748,0.0129644,0.0267415,0.0332099,0.0132289,0.0156485,0.0950763,0.307104,0.502804,0.935721,1.38668,0.967069,0.579144,0.416535,0.127246,0.0164704,0.00567841,0.0227657,0.0215675,0.0152745,0.00086475,0.0314443,0.309914,0.591032,0.720823,0.995829,0.828355,0.393464,0.115892,0.011781,0.00765932,0.0240489,0.0380904,0.00685877,0.0158909,0.0574798,0.209534,0.424863,0.783994,1.61782,1.54329,0.503272,0.371554,0.193038,0.0378453,0.0013299,0.0246492,0.0377158,0.0179105,0.00300486,0.00100779,0.273612,0.975607,0.663258,0.350942,0.62701,1.02189,0.750188,0.151548,0.0124734,0.00422644,0.00449795,0.00522758,0.00432331
34.179773243,0.33132,0.125206,0.0197468,0.0205379,0.0077017,0.0282663,0.0196239,0.00755119,0.0336661,0.179243,0.497845,0.896454,0.790214,0.565153,0.670068,0.377326,0.0368936,0.000357234,0.0112341,0.026711,0.0332877,0.0134277,0.0157558,0.0950789,0.307501,0.502867,0.935718,1.38654,0.964509,0.570115,0.413338,0.126813,0.0163914,0.00567841,0.0227563,0.02152,0.0152549,0.000901017,0.0314742,0.309908,0.591106,0.72091,0.995739,0.827868,0.39329,0.115933,0.0119623,0.00765947,0.0240636,0.0381393,0.00688489,0.0158986,0.0574827,0.20992,0.425157,0.783945,1.61758,1.54274,0.503445,0.371679,0.193041,0.0380573,0.0016568,0.0246601,0.037716,0.0179173,0.00302325,0.00101009,0.273605,0.9757,0.663552,0.350986,0.627009,1.02204,0.750278,0.151626,0.0124902,0.00428022,0.0047002,0.00534038,0.00432395
35.665850340,0.331801,0.123999,0.0109949,0.0137197,0.00637559,0.0282679,0.019751,0.00778191,0.000849629,0.0224828,0.359314,0.883333,0.790413,0.565108,0.652751,0.335696,0.0357673,0.000357068,0.0110254,0.0192917,0.0131203,0.0135003,0.0157681,0.0950789,0.307502,0.502877,0.929451,1.36368,0.958363,0.494525,0.250547,0.0553881,0.00335119,0.00432005,0.0227607,0.0215122,0.0155148,0.000903793,0.0314742,0.309911,0.589,0.669697,0.821522,0.718803,0.3889,0.114231,0.000449849,0.00123352,0.023168,0.0382869,0.00693377,0.0159024,0.0574827,0.199799,0.377215,0.742512,1.51973,1.24908,0.390769,0.360489,0.191211,0.0380589,0.00165809,0.0246644,0.0377792,0.0180687,0.00304029,0.000974678,0.228946,0.792184,0.58451,0.344682,0.620698,0.942857,0.564443,0.106496,0.0124895,0.00430866,0.00488825,0.0054321,0.00433866
37.151927438,0.298436,0.124001,0.0109973,0.0137435,0.00638075,0.0107965,0.0131784,0.00787235,0.000924342,0.0224833,0.300403,0.731239,0.644791,0.481304,0.457958,0.240986,0.0361905,0.000390468,0.0110254,0.0192951,0.0132322,0.00537561,0.00388392,0.0366638,0.177342,0.385099,0.655329,1.15488,0.924781,0.438224,0.229224,0.0554113,0.00336261,0.00412302,0.00541292,0.0155009,0.0155639,0.000974135,0.0311203,0.278685,0.497531,0.48638,0.726182,0.701443,0.35382,0.114407,0.000471631,0.00123352,0.0159121,0.0188359,0.00702529,0.0038737,0.00425437,0.0640714,0.278065,0.733721,1.49872,1.23351,0.325619,0.205271,0.12706,0.0380218,0.00167247,0.00633983,0.0191981,0.0182843,0.0030962,0.000974678,0.203776,0.766557,0.554582,0.249646,0.560185,0.913176,0.522803,0.0872736,0.00309467,0.00340944,0.00501164,0.00544413,0.00433866
38.638004535,0.194326,0.0559287,0.00373268,0.0137455,0.00639242,0.0108348,0.00728053,0.00218747,0.00104626,0.0136532,0.128975,0.481783,0.461177,0.255318,0.253018,0.195452,0.0360695,0.000402465,0.00703253,0.0112737,0.0132104,0.00540407,0.00390457,0.0366642,0.159307,0.327422,0.522846,0.680501,0.484875,0.303682,0.152384,0.0464518,0.00187163,0.00414136,0.00545796,0.013083,0.00854082,0.000895311,0.0311325,0.183593,0.290737,0.368181,0.591103,0.516567,0.158792,0.0108146,0.000487288,0.000127396,0.00843227,0.0155724,0.00705039,0.00390706,0.00427752,0.0640793,0.250644,0.62436,1.08174,0.646241,0.120571,0.129584,0.121045,0.0380258,0.00168508,0.00636773,0.0166391,0.0114057,0.00310169,3.88929e-05,0.121035,0.477892,0.354463,0.149746,0.464732,0.665579,0.21825,0.0197663,0.00310598,0.00343761,0.0050354,0.0054734,0.00435758
40.124081633,0.0370725,0.00474672,0.00374765,0.0137705,0.00641375,0.00225593,0.00158205,0.00224911,0.00109275,0.00523898,0.113818,0.303029,0.212807,0.136418,0.216245,0.186896,0.0360703,0.000404592,0.000339687,0.00660896,0.0132852,0.00543562,0.00133571,0.0296036,0.0849068,0.111369,0.127573,0.417381,0.421171,0.263977,0.144782,0.0464534,0.00187921,0.00415003,0.00440464,0.00572614,0.0053781,0.00110343,0.0312161,0.173037,0.268226,0.241902,0.316857,0.202427,0.0523127,0.00713244,0.000487657,0.000127423,0.00100884,0.0103281,0.00707664,0.00343392,0.00231236,0.0570701,0.167973,0.376907,0.694486,0.448433,0.101952,0.127448,0.121045,0.0380284,0.000739101,0.00578301,0.0166885,0.00805297,0.00108696,0.000108674,0.121206,0.466931,0.339601,0.10341,0.308361,0.468087,0.162829,0.0173454,0.00239469,0.0020314,0.00313716,0.00155576,0.000316669
41.610158730,0.0372659,0.00479514,0.00320004,0.0115866,0.00590075,0.00228545,0.00165566,0.00235624,0.0011563,0.00352678,0.0179261,0.0560058,0.0799278,0.0488012,0.00509538,0.00197323,0.00112869,0.000415672,0.00048505,0.00453004,0.0102592,0.00553107,0.00135948,0.0296099,0.0734792,0.0640385,0.0946026,0.192285,0.105385,0.0807581,0.0229062,0.00176701,0.000548802,0.00143283,0.00446677,0.00578783,0.00543963,0.00114355,0.00327923,0.0369913,0.118954,0.146254,0.165932,0.0753821,0.00476842,0.000928681,0.000524115,0.000269673,0.00108128,0.00736753,0.00455953,0.00347094,0.00234848,0.0570912,0.14218,0.17534,0.274952,0.189063,0.0465964,0.00882299,0.00197436,0.000601456,0.000742648,0.00584552,0.0167985,0.00809037,0.0010922,0.000121675,0.0256053,0.116348,0.0691702,0.0237312,0.119442,0.235461,0.0887262,0.0173607,0.00242884,0.00209481,0.00320987,0.00161095,0.00035973
43.096235828,0.0246717,0.00170915,0.000495704,0.000543116,0.000367611,0.000568754,0.00162551,0.00243784,0.00121143,0.000248723,0.000351984,0.0134701,0.0157602,0.0073214,0.00265043,0.00239667,0.00137265,0.000464822,0.000525334,0.00466904,0.0105245,0.00580304,0.00139402,0.00142499,0.00214652,0.00245434,0.00963408,0.0873133,0.0703943,0.0229118,0.00907175,0.00179651,0.00055019,0.00143474,0.00251043,0.00485687,0.00560683,0.00123331,0.000431189,0.000485844,0.00154797,0.00981438,0.00852591,0.00876192,0.00252982,0.000989002,0.000596765,0.000318048,0.00113043,0.00743435,0.00449502,0.000902764,0.000664845,0.00272775,0.00974994,0.0120761,0.0648411,0.112824,0.0445311,0.00634589,0.00198804,0.000618381,0.000754139,0.00531448,0.0122091,0.00656928,0.00118947,0.000193927,0.00028805,0.00178396,0.0089595,0.00992359,0.0164006,0.012173,0.00101576,0.000653469,0.000953379,0.00155186,0.00318476,0.0017093,0.000379762
44.582312925,0.0318327,0.00338802,0.000495704,0.000721954,0.000694788,0.000677964,0.00162709,0.00243784,0.00121143,0.000248723,0.000451638,0.00212224,0.0051029,0.00423863,0.00265786,0.00239052,0.00137265,0.000464822,0.000525334,0.0025768,0.00314242,0.00294378,0.00139402,0.00142499,0.00214652,0.00247004,0.00470427,0.019559,0.0419665,0.0181653,0.00126394,0.000240094,0.00055019,0.000600694,0.00193362,0.00476705,0.00560683,0.00123331,0.000431189,0.000632518,0.00211103,0.00219663,0.00229693,0.00233835,0.00199471,0.000956378,0.000596765,0.000318048,0.000768271,0.00263251,0.00327422,0.00115795,0.000664845,0.00272775,0.00974994,0.00849421,0.0338797,0.0583177,0.0383092,0.00091658,8.89196e-05,0.000447038,0.000754139,0.00479676,0.0119643,0.00656928,0.00118947,0.000193927,0.00028805,0.00131767,0.00343715,0.00360659,0.00236506,0.00207862,0.000929702,0.000678435,0.000953379,0.00155186,0.00318481,0.00171136,0.00039969
46.068390023,0.0219728,0.0035402,0.000444456,0.000721954,0.000694788,0.000899479,0.00230756,0.00251603,0.00126401,0.000255203,0.000451638,0.00156666,0.00362563,0.00430344,0.00416251,0.00303077,0.00137265,0.000464822,0.000525334,0.0025768,0.00309537,0.00312714,0.00128516,0.000459549,0.000679624,0.00031437,0.00146541,0.0131801,0.042183,0.0211934,0.00271422,0.000281479,0.00055019,0.000600694,0.00121567,0.00392962,0.0046367,0.00145566,0.000440444,0.000632518,0.00169768,0.00219085,0.0025955,0.00417634,0.00230684,0.000956378,0.000596765,0.000330759,0.00107276,0.00313269,0.00349178,0.00107853,0.000354902,0.000812217,0.000376007,0.00130179,0.0127379,0.0375721,0.0188026,0.00206264,8.89196e-05,0.000447038,0.000760942,0.0010862,0.0036847,0.00463439,0.0014443,0.000193927,0.00028805,0.00131767,0.0034398,0.00375802,0.00244245,0.00203029,0.000929702,0.000523481,0.000190447,0.00242526,0.00322158,0.00172549,0.000746733
47.554467120,0.0211019,0.00351828,0.000396453,0.000655033,0.000619781,0.000906486,0.00224992,0.00278667,0.00136013,0.000255203,0.000451638,0.00156808,0.00591801,0.00889791,0.00399068,0.00230836,0.0010983,0.000376789,0.000520174,0.00256727,0.00308809,0.00307888,0.00128516,0.000506914,0.000640972,0.000437262,0.00436331,0.025424,0.0449397,0.0191694,0.00270744,0.000272506,0.000450754,0.000511702,0.00121353,0.00362453,0.00414947,0.00179504,0.00053665,0.00065136,0.00172739,0.00320353,0.00503818,0.00527841,0.00207801,0.000903757,0.000596765,0.000330759,0.00107268,0.0030773,0.00342555,0.00109133,0.000377169,0.000602791,0.0004514,0.00247099,0.0193999,0.0446615,0.0187999,0.00222899,8.89196e-05,0.000284479,0.000557982,0.00103193,0.00353822,0.00434096,0.00284421,0.000705123,0.000287511,0.0012746,0.00398895,0.00517082,0.0042186,0.00195245,0.000754899,0.000516261,0.000190447,0.00242526,0.00321076,0.00173551,0.000730367
49.040544218,0.0204855,0.00331315,0.000390002,0.000609897,0.000536906,0.000916341,0.00247303,0.0028233,0.00132454,0.000228773,0.000419145,0.00140146,0.00698889,0.0139073,0.00498833,0.00408212,0.00175168,0.000378741,0.000513134,0.00254788,0.00276747,0.00273049,0.00113388,0.000325682,0.000554463,0.000411759,0.00604121,0.0364925,0.0601616,0.0203927,0.00261206,0.00024814,0.000386299,0.000459699,0.00121353,0.00358145,0.00405693,0.00174323,0.000525544,0.000622094,0.00161486,0.00353518,0.00799737,0.00624818,0.00166206,0.000777337,0.000544454,0.000330759,0.000969141,0.00285526,0.00330862,0.0010047,0.000265845,0.000570387,0.0004514,0.00249177,0.0227788,0.053362,0.0221485,0.00222924,8.6243e-05,0.000284479,0.000557982,0.00101962,0.00330576,0.00388171,0.00253556,0.000692446,0.000273351,0.00126097,0.0039787,0.00883803,0.0077416,0.00169266,0.000686669,0.000489233,0.000190447,0.00222875,0.00280988,0.00152832,0.000714461
50.526621315,0.022309,0.00327894,0.000386915,0.00060508,0.00051684,0.00085181,0.00238003,0.00248231,0.00104646,0.000228144,0.000548845,0.00210189,0.00769237,0.013316,0.00541516,0.00470393,0.00183332,0.000346162,0.000503077,0.00256231,0.00312693,0.00360797,0.00139016,0.000313106,0.000449579,0.000318647,0.00640019,0.0413452,0.083076,0.0256628,0.00280426,0.000232999,0.0002938,0.000370146,0.00093995,0.00300601,0.00306043,0.00173012,0.000511944,0.000723776,0.00284344,0.00575892,0.00776097,0.00639681,0.00236537,0.000982441,0.000418229,0.000318646,0.000977652,0.00316886,0.00661242,0.00288639,0.000517955,0.00044514,0.000416228,0.00320382,0.0288483,0.0686796,0.0244135,0.00214222,8.34233e-05,0.00027107,0.00065068,0.00125802,0.0033598,0.00380276,0.00246158,0.000678651,0.000346654,0.00191654,0.00499347,0.00875552,0.00789611,0.0044594,0.00243716,0.000665791,0.000164489,0.00222299,0.00279753,0.00151232,0.000673722
52.012698413,0.0214188,0.00263812,0.000312112,0.000610427,0.001126,0.00268373,0.00297096,0.00246616,0.000951723,0.000162444,0.000670933,0.00238799,0.00784821,0.0133054,0.00537106,0.00552136,0.00186713,0.000148077,0.00049436,0.00252185,0.00326283,0.00320529,0.00115254,0.000207394,0.000442819,0.000325432,0.00909718,0.0559377,0.0908468,0.0259625,0.00262916,0.00022001,0.000293488,0.000493701,0.00167386,0.00411352,0.0029524,0.00160223,0.000328788,0.00069778,0.00310505,0.00601448,0.00782719,0.00670529,0.00447644,0.00119842,0.000373167,0.000318646,0.000960745,0.00237971,0.00625643,0.00289734,0.000520229,0.00044514,0.000416228,0.00335546,0.0361247,0.0863611,0.0272764,0.00220747,7.65829e-05,0.00026987,0.000745748,0.00242419,0.00560786,0.00276186,0.00240551,0.00067549,0.000346654,0.00197199,0.00519145,0.00888313,0.00830644,0.00561457,0.00273631,0.000670438,0.000161536,0.00214518,0.00241035,0.00265124,0.00136355
53.498775510,0.0216057,0.0025605,0.000291974,0.00062037,0.00121107,0.00274067,0.0028764,0.00224064,0.000830571,0.000730383,0.00291382,0.00281588,0.0100544,0.0163931,0.00520731,0.00548806,0.00184936,0.000144359,0.000475618,0.00247164,0.00321325,0.00311387,0.00102993,0.000176847,0.000442819,0.00125399,0.0164201,0.0688088,0.0911968,0.0257264,0.00269055,0.000209881,0.000370385,0.000677471,0.0017923,0.00403299,0.00277531,0.00149423,0.0003092,0.00126905,0.00380819,0.00682955,0.0103797,0.00818693,0.00440776,0.00114238,0.000333002,0.000400141,0.00118284,0.00249462,0.00654523,0.00324205,0.000505315,0.000441696,0.000413487,0.00608553,0.048721,0.0952034,0.0265538,0.0018596,5.07053e-05,0.000462443,0.00160075,0.00281268,0.0055661,0.00265825,0.00234824,0.000670861,0.000380316,0.0029782,0.00546862,0.00877667,0.00821025,0.00543153,0.00259453,0.000553068,0.000157107,0.00212386,0.00237301,0.00275024,0.0017132
54.984852608,0.0247373,0.00311876,0.000298534,0.000598465,0.00112015,0.00284079,0.00281036,0.00219954,0.000847874,0.000720394,0.00290119,0.00278878,0.00992695,0.0172374,0.00590332,0.00632806,0.00227103,0.000211922,0.000433448,0.00235347,0.00312741,0.00308534,0.00102488,0.000176847,0.000429166,0.00124568,0.0163897,0.0686095,0.0936648,0.0286637,0.00342492,0.000239061,0.000345365,0.000591466,0.00173996,0.00395662,0.00264719,0.00146936,0.000305053,0.00126357,0.00379127,0.00675856,0.0109862,0.00878769,0.00466979,0.0012475,0.000355805,0.00038271,0.0010439,0.00236034,0.00647717,0.0032304,0.000502231,0.000423159,0.000404181,0.00608516,0.0506784,0.0986505,0.0278009,0.00230136,0.000103247,0.000451701,0.00155693,0.00274604,0.00545939,0.00252148,0.00229046,0.000670861,0.000374621,0.00297066,0.00601445,0.0120266,0.014976,0.00697691,0.002616,0.000551888,0.000151852,0.00206067,0.00225612,0.00268454,0.00165418
56.470929705,0.0246798,0.00313953,0.000149256,0.00032296,0.00110397,0.00280422,0.00280534,0.00224637,0.000867505,0.000736655,0.00292452,0.00267197,0.00973563,0.017136,0.00595723,0.00665633,0.00254815,0.00020483,0.000254003,0.00214778,0.00310623,0.00315113,0.00104515,0.000148102,0.000418363,0.00124685,0.0160143,0.0680635,0.0939805,0.0289578,0.00344733,0.000156323,0.000117293,0.00058982,0.0016166,0.00377158,0.00264791,0.00153008,0.000308921,0.00126383,0.00375468,0.00671219,0.0108268,0.00857462,0.00460894,0.00119608,0.000356655,0.000309448,0.000841659,0.00227451,0.00654109,0.00327137,0.000514756,0.000423159,0.000404181,0.00589147,0.0504293,0.0990518,0.02802,0.00232636,0.000104226,0.000452562,0.0015732,0.00269214,0.00531347,0.00244771,0.00222513,0.000670861,0.000375655,0.00291575,0.00593375,0.0118843,0.0147795,0.00695659,0.00266457,0.000557063,0.000159044,0.00184391,0.00207731,0.00261088,0.00168647
57.957006803,0.0242474,0.00294168,0.000137061,0.000280444,0.00110265,0.00280047,0.00289642,0.00228798,0.000838841,0.000736398,0.00290408,0.00275807,0.00988998,0.0169468,0.00582097,0.00662346,0.00250445,0.000205273,0.000256548,0.00219926,0.00314935,0.00299306,0.000937885,0.00014549,2.51719e-05,0.00120319,0.0160451,0.0683879,0.094209,0.0281015,0.00299373,0.00016803,0.00014918,0.000595464,0.00162855,0.00383407,0.0026624,0.00150715,0.000279424,0.00129395,0.00404429,0.00711685,0.0108748,0.00853338,0.00488635,0.00150168,0.000197685,0.000315364,0.000859882,0.0022839,0.00654991,0.00329346,0.000582296,5.09918e-05,0.000119971,0.00591332,0.0504821,0.099153,0.0279749,0.00225483,0.000126515,0.000250846,0.00124693,0.00267788,0.00535389,0.0025209,0.00226605,0.000672091,0.000429846,0.00304058,0.00579434,0.0118092,0.0148584,0.00703635,0.00269123,0.000485209,0.000142984,0.00182061,0.00195736,0.00261878,0.00169821
59.443083900,0.0245847,0.00310896,0.000210019,0.000320868,0.00110374,0.00279889,0.00278063,0.0021631,0.000880964,0.00073797,0.00289897,0.00272914,0.00969487,0.0168927,0.00608226,0.00689607,0.00256929,0.00022413,0.000256292,0.00218241,0.00303983,0.0029213,0.000930205,0.000151308,4.56628e-05,0.00120257,0.0160235,0.0681041,0.093663,0.0283616,0.00302651,0.000202618,0.000161356,0.000589025,0.00161338,0.00380058,0.00252971,0.00159201,0.000282426,0.00129159,0.00401475,0.00701543,0.0108391,0.00864601,0.0049917,0.0015206,0.000204929,0.000315364,0.000822489,0.00216239,0.00650475,0.0032915,0.00058569,7.82625e-05,0.000143741,0.00591254,0.0503096,0.0985031,0.0282334,0.00232551,0.000126515,0.000249375,0.00124564,0.00267597,0.0053214,0.00246839,0.00229978,0.000672091,0.000433053,0.00305774,0.00566884,0.0116698,0.0147858,0.00698113,0.00272093,0.000510314,0.000142984,0.00181951,0.00179316,0.0025276,0.0016835
60.929160998,0.024884,0.00324555,0.000217991,0.000297132,0.00110132,0.0028088,0.00278649,0.00221352,0.00107501,0.000872395,0.00290529,0.00272384,0.00961088,0.0168352,0.00598045,0.00646604,0.00223887,0.000221402,0.000256292,0.00217895,0.00297472,0.00302222,0.00100719,0.000175634,5.0531e-05,0.0012067,0.0158688,0.0671401,0.0922301,0.0284586,0.00320806,0.00020245,0.000165944,0.000589233,0.00162488,0.00378687,0.00253562,0.00162086,0.000326937,0.00129181,0.00398225,0.00699213,0.0110487,0.00858571,0.00463613,0.00143727,0.000202544,0.000315364,0.000827132,0.0020321,0.00645234,0.0032988,0.000596195,7.62536e-05,0.000155479,0.00591435,0.0498424,0.0972469,0.028209,0.00236659,0.000159808,0.00025303,0.00123126,0.0026825,0.00527367,0.00230731,0.00226761,0.000672486,0.000426204,0.00303055,0.00575771,0.011884,0.0148062,0.00678086,0.00255972,0.000507836,0.000142984,0.00184218,0.001795,0.00260736,0.00169634
62.415238095,0.0248661,0.00324552,0.00021703,0.000301034,0.00109998,0.00277824,0.00276151,0.00212214,0.000953277,0.000841996,0.00275206,0.00257614,0.00959302,0.0168011,0.00593651,0.00647903,0.00224043,0.000217239,0.000322789,0.00238926,0.00312327,0.00300726,0.000986543,0.000175213,5.61468e-05,0.00119029,0.015861,0.0669505,0.0919654,0.0281956,0.0031638,0.000197759,0.000166546,0.000583624,0.00158912,0.00379829,0.00266104,0.00169905,0.000314696,0.00115497,0.00377405,0.00696292,0.0109556,0.00861552,0.00469738,0.00132031,0.000190326,0.000330134,0.000884964,0.0021218,0.00647346,0.00327286,0.000573048,6.91802e-05,0.000149881,0.00582357,0.0494545,0.0969721,0.0281331,0.00235535,0.000156962,0.000250427,0.00122613,0.00266593,0.00530106,0.00247561,0.00239914,0.000680114,0.000402561,0.00286607,0.00566708,0.0118137,0.0148367,0.00682201,0.00246189,0.00039729,0.00013454,0.00186249,0.00187778,0.0026538,0.00169208
63.901315193,0.024869,0.0032442,0.000202909,0.000282759,0.00112937,0.0028967,0.00280018,0.00210039,0.000920206,0.000803049,0.00275323,0.00257445,0.0094021,0.0164795,0.00589404,0.006502,0.00223962,0.000220004,0.000461746,0.00255047,0.00314437,0.00300121,0.000935321,0.000170697,5.29556e-05,0.00113565,0.0156047,0.0670123,0.0923012,0.0282378,0.00315598,0.00019615,0.000161248,0.000577345,0.00153754,0.00379389,0.00264405,0.00152617,0.000231082,0.000935093,0.0036591,0.00696913,0.0108523,0.008497,0.00470311,0.00133083,0.000189957,0.000403443,0.00118784,0.00225141,0.00645612,0.0032703,0.000574546,6.89356e-05,0.000149646,0.00581167,0.0503019,0.0974139,0.0278815,0.00225614,0.000156598,0.000249606,0.00118033,0.00259979,0.00530675,0.00234262,0.00216988,0.000610332,0.000233366,0.00288476,0.0056541,0.0116637,0.0147262,0.00685558,0.00248871,0.000397254,0.000157764,0.00197088,0.00201276,0.00266407,0.00165688
65.387392290,0.024679,0.00319887,0.000160608,0.000301084,0.00123147,0.00316835,0.00274822,0.0019967,0.000861342,0.000801569,0.00279492,0.00258365,0.0093833,0.0163856,0.00574249,0.00648576,0.00229343,0.000228366,0.000371464,0.00256978,0.00326559,0.00296384,0.000912446,0.000165771,7.0829e-05,0.0012208,0.0159428,0.0674094,0.0919424,0.0280221,0.00313065,0.000189334,0.000169892,0.000517276,0.00161783,0.00391021,0.00259997,0.00148927,0.000192109,0.000916948,0.00369463,0.00692484,0.0105977,0.00833674,0.00474426,0.00133499,0.000167907,0.000331397,0.00119358,0.00225854,0.00640559,0.00323533,0.000541074,4.92959e-05,0.000171665,0.00587024,0.0503506,0.0974591,0.0278527,0.00223974,0.000154002,0.000248949,0.00119493,0.00259652,0.00527384,0.00241408,0.00224417,0.0006033,0.000226966,0.00288952,0.00559773,0.0114977,0.0146011,0.00685634,0.00248631,0.00038186,0.000127425,0.00196659,0.00210463,0.00265449,0.00162488
66.873469388,0.0223353,0.00305227,0.000167527,0.000340631,0.0012992,0.00320513,0.00278028,0.00196921,0.000831059,0.000805482,0.00280015,0.00264578,0.00967593,0.0166319,0.00530415,0.00595668,0.00205881,0.000184157,0.00042405,0.00283323,0.00295927,0.00244845,0.000897129,0.000161723,8.25344e-05,0.00123947,0.0162336,0.0679563,0.0918891,0.027513,0.00289425,0.000165277,0.00018353,0.000613663,0.00190494,0.00412864,0.00244209,0.00142381,0.000227065,0.000923291,0.00371171,0.00699178,0.0107333,0.00847527,0.0047153,0.00128245,0.000111826,0.000289136,0.00119215,0.00237509,0.00643315,0.00322289,0.000523162,6.16685e-05,0.000172076,0.00603623,0.0506351,0.0972828,0.0276589,0.00223282,0.000146188,0.000243161,0.00121872,0.00265046,0.00528078,0.00229199,0.0021585,0.000559091,0.000210046,0.00290169,0.00561971,0.0116335,0.0147658,0.00685421,0.00248039,0.000374019,6.2587e-05,0.00191173,0.00202128,0.00263774,0.0016555
68.359546485,0.0125312,0.00137887,0.000167527,0.000187002,0.00107494,0.0031766,0.00285095,0.00201833,0.000843922,0.000805482,0.0027073,0.002451,0.0082339,0.0154755,0.00540817,0.00602169,0.00207058,0.000185304,0.00043128,0.00142359,0.00176704,0.00199196,0.00090414,0.000162795,8.36806e-05,0.00123186,0.0160945,0.0637512,0.0748161,0.0217093,0.00287106,0.000167688,0.000216398,0.000635893,0.001587,0.00404037,0.00252866,0.00142517,0.000227258,0.00078002,0.00308069,0.00655167,0.0105553,0.00844238,0.0045888,0.00119552,0.00011217,0.000310456,0.00146776,0.00218463,0.00449768,0.00262047,0.00053531,6.36969e-05,0.000189245,0.00567765,0.0457054,0.0915158,0.0265348,0.00212792,0.000151172,0.000261133,0.00131535,0.00274204,0.00548536,0.00248156,0.00218811,0.000559497,0.000211493,0.00242178,0.00399844,0.0100692,0.0145704,0.00683643,0.00246713,0.000349274,6.2587e-05,0.00199171,0.00220154,0.00278746,0.00169496
69.845623583,0.0102447,0.00120765,0.000126929,0.000187002,0.00107571,0.00292398,0.0018412,0.001717,0.00082866,0.000799001,0.0027073,0.0024512,0.00842879,0.0157032,0.00410365,0.00554206,0.00212548,0.000185304,0.00043128,0.00144127,0.00181244,0.00186643,0.0008983,0.000193437,8.64378e-05,0.00125403,0.0160902,0.0616391,0.0649802,0.015455,0.00147927,0.00012971,0.000216398,0.000635893,0.00156307,0.00232754,0.00127955,0.00125337,0.000218003,0.00078002,0.00308069,0.00678416,0.0106158,0.00691567,0.00457734,0.00129659,0.00011217,0.000299717,0.00117562,0.00172382,0.00436877,0.00262806,0.000552949,6.36969e-05,0.000203579,0.00547089,0.0453605,0.0750729,0.0157213,0.000994578,0.00015277,0.000261133,0.00130904,0.0023535,0.00372726,0.0012745,0.00196058,0.00056708,0.000213152,0.00242436,0.00413229,0.0101444,0.0147793,0.00707542,0.00250792,0.000349274,5.16738e-05,0.000454823,0.00103513,0.00226385,0.0013812
71.331700680,0.010219,0.00120865,0.000126929,0.000204727,0.0011175,0.00296393,0.00196175,0.00116828,0.000561039,0.000799001,0.00270866,0.00262529,0.00654908,0.0112135,0.00391861,0.00559419,0.00216613,0.000185304,0.000447507,0.00153065,0.00190617,0.00192823,0.000973632,0.000200274,8.51348e-05,0.00112665,0.0133242,0.0493884,0.0591338,0.0148775,0.00147927,0.00012971,0.000216754,0.000648001,0.00157991,0.00240859,0.00108443,0.00048505,0.000121797,0.000763797,0.0031743,0.00584578,0.00827688,0.00573456,0.00463386,0.00129903,0.00011217,0.000299717,0.00118737,0.00177377,0.0044595,0.0026655,0.000440692,6.36969e-05,0.000128245,0.00439958,0.0376464,0.0660332,0.0148281,0.000930777,0.00015277,0.000261133,0.00131715,0.00236931,0.00377392,0.00130328,0.000467117,5.58839e-05,0.000213205,0.00252743,0.00395781,0.00895052,0.0131467,0.00719407,0.00262493,0.000349274,5.16738e-05,0.000493093,0.00106284,0.00225517,0.00138801
72.817777778,0.0091607,0.000993206,0.000129926,0.000249954,0.00121347,0.00312413,0.00194851,0.00142734,0.00067576,0.000809048,0.00278137,0.0026384,0.0054376,0.0061774,0.00287246,0.00381543,0.00150386,0.000185963,0.000543464,0.00179814,0.00221609,0.00204433,0.000980225,0.000201759,8.51348e-05,0.00112986,0.0117421,0.0386843,0.0436433,0.0128395,0.00138557,0.000134241,0.000260357,0.000659725,0.00161138,0.00259036,0.00158243,0.00073009,0.000124262,0.000796208,0.00324351,0.00554193,0.00532774,0.00459698,0.0047036,0.00141689,0.000114543,0.000331732,0.00137617,0.0020672,0.00463774,0.00267591,0.00044351,6.77545e-05,0.000139836,0.0044013,0.0342519,0.0574891,0.0112591,0.00092794,0.00015277,0.00026489,0.00141496,0.00244469,0.00389916,0.00163177,0.000595113,5.58839e-05,0.000217228,0.00253605,0.0039515,0.00527421,0.00946881,0.00727382,0.00276386,0.000349274,5.874e-05,0.000604217,0.00125927,0.0023569,0.00143324
74.303854875,0.00696735,0.000993446,0.000130381,0.000251062,0.00124546,0.00321543,0.00204459,0.00148385,0.000690757,0.000809516,0.00266034,0.00193675,0.00450071,0.00616553,0.0023739,0.00318362,0.00138203,0.000230743,0.000690531,0.00192435,0.0018868,0.0011593,0.000710417,0.000209755,8.51348e-05,0.0011305,0.0114938,0.0339841,0.0202519,0.00710877,0.00115371,0.000134632,0.000270969,0.000726766,0.00179366,0.00273515,0.00160265,0.000740011,0.000128382,0.000698608,0.00202823,0.00325513,0.00532271,0.00438669,0.0039285,0.00112908,0.000121867,0.000473718,0.00157067,0.00180087,0.00139151,0.00079431,0.000188715,6.8789e-05,0.000140679,0.00369049,0.0279542,0.0410293,0.00856342,0.00092794,0.00015334,0.000260973,0.00125933,0.00213965,0.00394997,0.00171984,0.000647705,6.02672e-05,0.000126163,0.00185752,0.00285323,0.00528583,0.00933272,0.00455216,0.000952807,7.3411e-05,0.000100882,0.000778694,0.00139858,0.00243132,0.00144891
75.789931973,0.00882922,0.00114314,0.000163415,0.00024386,0.00065339,0.00142208,0.00161505,0.00171243,0.000690757,0.000809516,0.00253027,0.00165065,0.00437842,0.00643296,0.00292838,0.00284742,0.00145,0.000234275,0.000778687,0.00216896,0.00188848,0.000731904,0.000348991,0.00022719,8.48798e-05,0.00112372,0.00896555,0.0200903,0.0131204,0.00753492,0.00142473,0.000139513,0.000270969,0.000603716,0.00107919,0.00168079,0.00165747,0.000809172,0.00013196,0.000695179,0.00176662,0.00297879,0.0053301,0.00417882,0.00202555,0.00103715,0.000140187,0.000477113,0.00162105,0.00187606,0.00134554,0.000739963,0.000198,7.25607e-05,0.000140679,0.00355197,0.0208712,0.0233852,0.00585202,0.000985006,0.00015334,0.000260973,0.00116426,0.000952001,0.00128528,0.00152691,0.000690628,7.68293e-05,0.000126765,0.00180274,0.00272856,0.00534164,0.00909958,0.0033478,0.000684652,7.88254e-05,0.000111919,0.000806993,0.0013932,0.00112346,0.000739337
77.276009070,0.00888347,0.0012473,0.000838826,0.000844707,0.000714102,0.00139089,0.00159175,0.00171207,0.000680089,0.0002033,0.00031744,0.00387149,0.00547027,0.00418356,0.00295709,0.00290556,0.00145,0.000930789,0.0047565,0.00468012,0.00266572,0.00119491,0.000398283,0.00022719,8.48798e-05,0.000218121,0.00209708,0.0241407,0.0274231,0.0111175,0.00154822,0.000139513,0.000191394,0.00048173,0.00129731,0.00194908,0.00168182,0.000809172,0.000121177,0.000227607,0.00188754,0.00330777,0.00317712,0.00279663,0.00240016,0.00115709,0.000140187,0.000395358,0.00136583,0.00212391,0.00310174,0.00141677,0.000292285,7.25607e-05,0.000140555,0.00228691,0.0151689,0.0191411,0.00647457,0.00202945,0.000532215,6.82635e-05,0.000304093,0.000555074,0.00128409,0.00152464,0.000690628,7.65366e-05,8.98616e-05,0.00186016,0.00591397,0.00932756,0.01064,0.00390222,0.000684652,7.88254e-05,0.000111919,0.000806993,0.0013932,0.000991935,0.000385488
78.762086168,0.00575201,0.000727046,0.000827986,0.000993699,0.00202394,0.00172214,0.00246681,0.00424592,0.00113769,0.0002033,0.000495658,0.00392126,0.00556567,0.0052697,0.00400852,0.00202687,0.00102834,0.000862378,0.00477961,0.00463348,0.00268529,0.00126687,0.000478581,0.000603874,0.000202889,0.000961584,0.00754989,0.0363032,0.0286592,0.0084348,0.00106222,0.000110333,0.000266976,0.00112716,0.00299628,0.00295677,0.00420551,0.00169445,0.000214465,0.000296471,0.00212177,0.0032558,0.00414469,0.00312826,0.00215646,0.0012602,0.000280857,0.000630532,0.00194344,0.00244992,0.00355792,0.00143399,0.000376001,0.000216651,0.00144595,0.00370871,0.0207587,0.0323584,0.00763685,0.00172012,0.000546949,8.08056e-05,0.000527464,0.00258047,0.00267276,0.00273943,0.00382902,0.000946494,0.000146295,0.00212582,0.00542419,0.00620459,0.00377555,0.00235791,0.000778123,0.000392986,0.00247635,0.00489511,0.00224273,0.00112204,0.000710345
80.248163265,0.0066671,0.000701496,0.000805177,0.00096248,0.00259869,0.00218247,0.00244129,0.00417098,0.00110261,0.000187039,0.000481887,0.00446873,0.00673658,0.00844962,0.00538298,0.00162695,0.000680019,0.000844122,0.00477961,0.00463055,0.00271205,0.00119614,0.000458314,0.000590603,0.00050394,0.00132308,0.012123,0.0608938,0.0393062,0.0081147,0.00103981,9.14573e-05,0.000266976,0.00116001,0.00327966,0.00293196,0.00413495,0.00163373,0.000210597,0.000296204,0.0042411,0.00502025,0.00454379,0.00624017,0.00216473,0.00124893,0.000279595,0.00063043,0.00193621,0.0023931,0.00350623,0.00139302,0.000363477,0.000237421,0.00160724,0.00474823,0.0317734,0.0404557,0.00736075,0.00189771,0.000559083,7.99445e-05,0.000505985,0.00285,0.00271043,0.00270076,0.00383249,0.000946494,0.000145261,0.00221291,0.00662851,0.00622764,0.00418597,0.00336024,0.000729646,0.000387811,0.00246916,0.00488969,0.00226894,0.001503,0.000696477
81.734240363,0.0181742,0.000701496,0.000805177,0.000961112,0.00259684,0.00232886,0.00255616,0.00412548,0.00109556,0.000187039,0.000462716,0.00424432,0.010351,0.013603,0.00935564,0.00639596,0.000814715,0.000843679,0.00477483,0.00457007,0.00259117,0.00115542,0.000458251,0.000590603,0.000499611,0.00130337,0.0120849,0.0726007,0.078407,0.0364968,0.00119389,7.97117e-05,0.000225773,0.00115437,0.00326654,0.00286684,0.00408903,0.00161795,0.000209778,0.000266088,0.00387722,0.00613686,0.00886321,0.00875248,0.00204807,0.000902203,0.000256845,0.000623758,0.00190322,0.00233484,0.00347024,0.00136153,0.000292725,0.000221959,0.00159828,0.00472593,0.0463013,0.0597099,0.0169183,0.00399552,0.00053368,6.97035e-05,0.000505363,0.00284987,0.00264633,0.00258812,0.00376581,0.000940949,9.10705e-05,0.00199306,0.0100567,0.0102495,0.00913616,0.0060412,0.000612931,0.000382244,0.00246843,0.00485768,0.00216617,0.00136432,0.000678484
83.220317460,0.0206703,0.000518491,0.00073185,0.000920377,0.00259475,0.00232886,0.00254479,0.00401964,0.00101229,0.000181236,0.000458062,0.0042969,0.0124451,0.0144001,0.0103292,0.00744913,0.000838254,0.000824822,0.00477483,0.00468366,0.00310043,0.00166854,0.000543197,0.000584786,0.000478073,0.00129402,0.0136427,0.105275,0.114658,0.0459169,0.0011611,4.51234e-05,0.000212562,0.00115329,0.00326306,0.00277185,0.00392552,0.00153031,0.000206777,0.000266088,0.00399081,0.0101241,0.0111488,0.0100132,0.0026515,0.000890492,0.0002496,0.000623758,0.00188653,0.00378284,0.00594301,0.0022537,0.000289331,0.000192629,0.00157195,0.00591205,0.0791128,0.106198,0.0307864,0.00392483,0.00053368,6.95747e-05,0.000512668,0.00310851,0.00290728,0.00248919,0.00371505,0.000940949,8.78629e-05,0.00206929,0.0133318,0.0120151,0.0138112,0.00860102,0.000655196,0.000357139,0.00246843,0.00483033,0.00268818,0.00298213,0.00181941
84.706394558,0.0203047,0.000380436,0.000721516,0.000920377,0.00310543,0.00385044,0.00345409,0.00387878,0.00074353,4.63205e-05,0.000451736,0.00449126,0.012645,0.0144058,0.0104813,0.00724679,0.00066984,0.00079415,0.00477483,0.00468366,0.0032411,0.00207507,0.000598947,0.000567265,0.000472681,0.00128894,0.0182587,0.123222,0.131203,0.0453015,0.000976846,2.20401e-05,0.000196552,0.00115017,0.00397925,0.00370047,0.00414058,0.00143112,0.000156269,0.00026264,0.00422171,0.0105558,0.0109917,0.0105241,0.00357208,0.000874397,0.000230203,0.000623758,0.00187099,0.00369978,0.00593686,0.00228844,0.000278826,0.000190465,0.00155974,0.00735431,0.0902977,0.124504,0.034466,0.00383148,0.000483577,5.21004e-05,0.000512668,0.00448296,0.00476811,0.00303501,0.00369129,0.000940554,8.78629e-05,0.00206742,0.0135205,0.0118763,0.0141053,0.00963181,0.00067962,0.000355128,0.00246843,0.00478964,0.00256296,0.00289034,0.00180656
86.192471655,0.020302,0.000380493,0.000727036,0.000954886,0.00320604,0.00412558,0.00357444,0.00380423,0.000743346,0.000198992,0.00200272,0.00465578,0.014788,0.0157799,0.0106183,0.00723322,0.000668286,0.000787366,0.0046773,0.00445891,0.00307903,0.00206158,0.000598947,0.000567265,0.000487677,0.00288539,0.0403716,0.137897,0.133133,0.0453,0.000977303,5.73594e-05,0.00043999,0.00125375,0.00401596,0.00365691,0.00398835,0.00135059,0.000156269,0.000278888,0.00489569,0.0117484,0.0119731,0.0106062,0.00350671,0.000868885,0.000226765,0.000604636,0.00192636,0.00361923,0.00650832,0.00266617,0.000320604,0.000189616,0.00154997,0.0154047,0.103891,0.13224,0.0363976,0.00382666,0.000483243,0.000214639,0.00171601,0.00475192,0.00471459,0.00284923,0.00355427,0.000932903,0.000123863,0.00246793,0.0142281,0.011902,0.0142457,0.00958251,0.000642315,0.00035395,0.00246556,0.00474115,0.00245641,0.00306573,0.00206767
87.678548753,0.0202838,0.000380493,0.000726188,0.000948137,0.00315531,0.00397246,0.00349709,0.00383894,0.000730983,0.000188737,0.00196964,0.00485086,0.016488,0.016285,0.010606,0.00720151,0.000673321,0.000803501,0.00451513,0.00418263,0.00298316,0.00203847,0.00059717,0.000566932,0.000487677,0.00288848,0.0406669,0.140019,0.136294,0.0466945,0.000989277,5.9777e-05,0.000437708,0.00125136,0.00410812,0.00416713,0.0046714,0.00131534,0.000156269,0.000279079,0.00489719,0.0119411,0.0122798,0.0106193,0.00347358,0.000858262,0.00022871,0.000535306,0.00159086,0.0034893,0.00659006,0.00266526,0.000318926,0.000189616,0.00157457,0.0172202,0.111015,0.134889,0.0362879,0.00394469,0.000484902,0.000212981,0.00171558,0.00475143,0.00469926,0.00293623,0.00368277,0.000935033,0.000124293,0.00252398,0.0150946,0.0133611,0.0187164,0.0100969,0.000614411,0.00035395,0.00243927,0.00461883,0.00230805,0.00303659,0.00207244
89.164625850,0.0202804,0.000379461,0.000725395,0.000929756,0.00308521,0.00388117,0.00374642,0.00392776,0.000728658,0.000174707,0.00191609,0.00484033,0.0164546,0.0163784,0.0109997,0.00720342,0.00061461,0.000785322,0.00453075,0.00408054,0.00277943,0.00199565,0.00059643,0.000565812,0.000470224,0.00295348,0.0410373,0.140602,0.136375,0.0466912,0.000984731,5.91925e-05,0.000426253,0.00120157,0.00408424,0.00460517,0.00549945,0.00131371,0.000147223,0.000265693,0.00484626,0.0119285,0.0125119,0.0109571,0.00342151,0.000848933,0.00021451,0.000474863,0.00183057,0.00369493,0.00676662,0.00266321,0.000316281,0.000188272,0.00154867,0.0176291,0.112168,0.135535,0.0362961,0.00394335,0.000484496,0.000212527,0.00169743,0.00469661,0.00467745,0.00296486,0.00360325,0.000937018,0.000116731,0.00250132,0.015096,0.013338,0.0186623,0.0100375,0.000611796,0.000354186,0.00243637,0.0046105,0.00217797,0.00301098,0.00206817
90.650702948,0.0202598,0.000378606,0.000717769,0.000891232,0.00308074,0.0038712,0.0037215,0.0039349,0.000738368,0.000171875,0.00192825,0.00488662,0.0163184,0.0160697,0.0109139,0.00721001,0.000624276,0.000781336,0.00466312,0.00400986,0.00276911,0.00200268,0.000618695,0.000553348,0.000454208,0.00293258,0.0408068,0.140401,0.136483,0.0467374,0.000997123,5.87099e-05,0.000411227,0.00112126,0.00381373,0.00436141,0.00554457,0.00131699,0.000112367,0.000277196,0.00496987,0.0119773,0.0123776,0.0107735,0.00344973,0.000843237,0.000197941,0.000560886,0.00191228,0.00362192,0.00667308,0.00265546,0.000327266,0.000176535,0.00154059,0.0175141,0.111944,0.135456,0.0362166,0.00393386,0.000481376,0.00020247,0.00167397,0.00467662,0.0046967,0.00313476,0.00376522,0.000911145,0.00010842,0.00254995,0.015152,0.0131612,0.0184933,0.0101517,0.000636159,0.000326109,0.00248504,0.0047929,0.00227108,0.00303715,0.00207611
92.136780045,0.0201518,0.000374119,0.000722232,0.000876857,0.00301608,0.00383376,0.00374002,0.00398673,0.000752656,0.000178573,0.00194411,0.00467475,0.0159707,0.0159371,0.0108909,0.00715048,0.000620103,0.000790038,0.00468025,0.0038489,0.00252098,0.00207032,0.00066077,0.000560485,0.000462478,0.00293582,0.0407313,0.140182,0.136314,0.0466255,0.000985446,6.0486e-05,0.000380484,0.00100476,0.00380775,0.00454759,0.00569265,0.00137581,0.00012218,0.00028448,0.00487187,0.0118122,0.0122907,0.0107072,0.00338173,0.000867164,0.00020122,0.000566108,0.00168759,0.00343263,0.00673001,0.00263657,0.000315962,0.000176549,0.00152739,0.0174292,0.111821,0.13537,0.0362187,0.00393178,0.000476391,0.000186725,0.00165195,0.00462532,0.00453718,0.0030396,0.00378959,0.000929017,0.000111785,0.00248547,0.0148605,0.0128695,0.0182529,0.0100237,0.000694223,0.000347398,0.00251384,0.00475022,0.00210332,0.00290471,0.00202878
93.622857143,0.0198951,0.00031743,0.000723112,0.000888412,0.00307477,0.00407186,0.00361089,0.00377601,0.000749652,0.000230165,0.00194884,0.004693,0.0159445,0.0158516,0.0107793,0.00702509,0.000586316,0.000793486,0.00473697,0.00411111,0.00283693,0.00225817,0.000597249,0.000530241,0.000460474,0.00291606,0.0408262,0.140104,0.135825,0.0463016,0.000898488,5.76644e-05,0.000397965,0.00116712,0.00409226,0.00447967,0.00546065,0.00132712,0.00012659,0.000285359,0.00487483,0.0116968,0.0121091,0.01051,0.00312769,0.000767793,0.0002036,0.000595497,0.00177802,0.00348075,0.00672795,0.00261198,0.000318997,0.000176928,0.00151375,0.0174397,0.111253,0.134422,0.0358922,0.00394647,0.000475644,0.000187869,0.00178096,0.00487656,0.00453946,0.00298387,0.00377135,0.000923087,0.000110127,0.00248575,0.0147646,0.0127407,0.0180782,0.00981837,0.000657212,0.000348094,0.00252607,0.00479567,0.00216737,0.00293758,0.00199732
95.108934240,0.0196418,0.000316465,0.000723112,0.000871951,0.00304173,0.00441057,0.00376377,0.00377328,0.000778608,0.000253428,0.00206094,0.00455274,0.0156103,0.0160765,0.0109836,0.00700818,0.000559044,0.000800228,0.0047252,0.00402356,0.00277609,0.00227496,0.000540474,0.000445776,0.00046081,0.0029268,0.0409127,0.139678,0.134717,0.0460838,0.000925281,5.8922e-05,0.000397632,0.00116728,0.00422882,0.00455704,0.00564317,0.00161989,0.000265564,0.00032586,0.00477365,0.0114135,0.0121398,0.010684,0.00323162,0.000828869,0.000204141,0.000596226,0.00178426,0.00373785,0.00694255,0.00259192,0.000298783,0.000177046,0.00151325,0.0174605,0.111357,0.134292,0.0356951,0.0038684,0.000479501,0.000187925,0.00177403,0.0048754,0.00451973,0.00302025,0.00394581,0.00106995,0.000135395,0.00240073,0.014429,0.0126594,0.0180256,0.00966088,0.000667813,0.000357889,0.00253511,0.00476809,0.00228987,0.00315487,0.00203142
96.595011338,0.0197002,0.000316465,0.000723382,0.00088384,0.00299591,0.00430697,0.00361778,0.00343826,0.000665455,0.000244898,0.00198824,0.00458372,0.0158531,0.0162364,0.0110864,0.00711096,0.000571662,0.00104855,0.00493936,0.00397932,0.00253886,0.00219961,0.000572683,0.000444291,0.00046081,0.00297236,0.0408503,0.139541,0.134883,0.0463143,0.000928135,5.43903e-05,0.000374288,0.00122135,0.00425956,0.00440717,0.00516654,0.0013936,0.000264906,0.000294789,0.00475687,0.0117286,0.0123979,0.0108029,0.00319295,0.000714875,0.000322187,0.00078518,0.00182297,0.00351732,0.00677221,0.00258729,0.000305491,0.000172988,0.00151974,0.0174916,0.111473,0.133938,0.0355991,0.00386189,0.000479501,0.000191441,0.0017386,0.00488562,0.00443878,0.00269848,0.00382673,0.0010828,0.000147387,0.00240741,0.014679,0.0128373,0.0180749,0.00963471,0.000530895,0.000407682,0.002598,0.00473813,0.00214254,0.00310075,0.00201762
98.081088435,0.0197444,0.000416995,0.00074112,0.00101558,0.00324712,0.00429476,0.00354193,0.00342357,0.000651498,0.00024443,0.00199142,0.00477778,0.0161456,0.0165783,0.0116257,0.00754654,0.000985674,0.00103817,0.00483001,0.00386465,0.00252859,0.00221802,0.000613328,0.000439542,0.000469221,0.00297327,0.0407743,0.139544,0.135313,0.0465972,0.000975695,6.74215e-05,0.000468678,0.00131633,0.00412962,0.00427357,0.00515925,0.00138368,0.00026311,0.000307961,0.00474888,0.0117961,0.0126396,0.0112999,0.00359349,0.000754447,0.000376333,0.000665882,0.00165949,0.00352283,0.00675594,0.00268444,0.000296314,0.000171954,0.00152091,0.0175298,0.11192,0.135142,0.0362,0.00386651,0.000478931,0.000189365,0.00173772,0.00481298,0.00428817,0.00264999,0.00382328,0.00107841,0.000146982,0.00240215,0.0147849,0.01318,0.0185775,0.00990262,0.000549321,0.000407013,0.00255586,0.00459746,0.00202988,0.00309554,0.00208085
99.567165533,0.0177209,0.000379106,0.000767538,0.00106617,0.00324487,0.00426471,0.00346809,0.00323284,0.0006623,0.000346482,0.00212961,0.00490039,0.0163561,0.0164116,0.0111142,0.00692285,0.000718266,0.00105524,0.00497802,0.00378111,0.00248836,0.00229999,0.000696613,0.00044861,0.000473724,0.00297707,0.0408389,0.139366,0.134098,0.0452757,0.000709389,8.06627e-05,0.000472559,0.00132657,0.00413404,0.00454329,0.00535923,0.00133399,0.000349875,0.000583772,0.00496738,0.0120594,0.0128335,0.0113043,0.00368124,0.000901365,0.000388127,0.000673994,0.001672,0.00345648,0.00673429,0.0027944,0.000426198,0.000205846,0.00156361,0.0176754,0.111985,0.134926,0.036,0.00394603,0.000545147,0.000220298,0.00179577,0.00482114,0.00429122,0.00267939,0.00384006,0.00107952,0.000511402,0.00293652,0.0148427,0.0130868,0.0186705,0.0100411,0.00056939,0.000420973,0.00262011,0.00461084,0.00200732,0.00307384,0.00209335
101.053242630,0.0171396,0.000270514,9.59619e-05,0.000467263,0.00309904,0.00426476,0.00354192,0.00327192,0.000699659,0.000354009,0.00219932,0.00241152,0.0131342,0.0154341,0.0110896,0.0069023,0.000721929,0.000358727,0.00104083,0.00145183,0.0018166,0.00186461,0.000661222,0.000463356,0.000512075,0.00297783,0.0404572,0.122448,0.118999,0.0416111,0.000523756,8.66887e-05,0.000492897,0.00133371,0.0038237,0.00431527,0.00536361,0.00133724,0.00035046,0.00059612,0.00425209,0.0109524,0.0123946,0.011115,0.00331788,0.000781429,0.000389019,0.000689666,0.00192913,0.00331029,0.00471804,0.0017192,0.000330604,0.000220044,0.00156804,0.0162024,0.105042,0.129909,0.0354516,0.00292391,0.00016711,0.000244304,0.00183928,0.00486713,0.00445148,0.00295811,0.00388243,0.00107952,0.000544087,0.00180315,0.011403,0.00916357,0.0171399,0.00961458,0.000714402,0.000439273,0.00263367,0.00483651,0.00216654,0.00313628,0.00211086
102.539319728,0.0172159,0.000255186,0.000132674,0.000337089,0.00179798,0.0036911,0.00260371,0.000731669,0.000229168,0.000355565,0.00202469,0.00238901,0.0130561,0.0134048,0.0093718,0.00705193,0.000859748,0.000367415,0.00101726,0.00143775,0.00179064,0.00184325,0.000582764,9.42492e-05,0.000395198,0.00223437,0.0349925,0.110069,0.114984,0.0413577,0.000311661,0.000104177,0.000422349,0.000689975,0.00210739,0.00328726,0.00289988,0.000585632,0.000277191,0.000527273,0.00403209,0.0109385,0.0107264,0.0102682,0.00339556,0.000602066,0.000225514,0.000454492,0.00136652,0.00299704,0.00427301,0.00170613,0.000286179,9.0742e-05,0.00026471,0.0147548,0.097256,0.113027,0.0330346,0.00280299,9.47391e-05,0.000234132,0.0016215,0.00284633,0.00306393,0.00178937,0.000843689,0.000225899,0.000491164,0.00155087,0.0113333,0.00899789,0.0171998,0.00963302,0.000606118,0.000127491,0.000269464,0.000765468,0.00132499,0.00303059,0.0017953
104.025396825,0.0160647,0.000261535,0.000140118,0.000373713,0.00123144,0.00327776,0.00262993,0.000746171,0.000263757,0.000395223,0.00212959,0.00198548,0.0121222,0.0102854,0.00793317,0.0071852,0.000867546,0.000393618,0.00110555,0.00150015,0.00182969,0.00192878,0.000591755,9.55267e-05,9.53459e-05,0.00193981,0.0306211,0.0852487,0.103799,0.0414534,0.000359806,0.000113273,0.000422399,0.000654149,0.00190432,0.00337183,0.00297432,0.000591434,0.000295528,0.000747277,0.00206905,0.00924818,0.0103591,0.00706949,0.00331766,0.000637875,0.000245818,0.000506003,0.00140482,0.00300045,0.00424558,0.00170759,0.000299217,8.68111e-05,0.000112582,0.0137263,0.0857709,0.103886,0.0330351,0.00270604,8.77657e-05,0.000234132,0.00164394,0.00267151,0.00310192,0.00182899,0.000838367,0.00024263,0.000586642,0.00150752,0.0101184,0.00898702,0.0167781,0.00856132,0.000653836,0.000171172,0.00027742,0.000797429,0.00129367,0.00267646,0.00182979
105.511473923,0.00406262,0.000274116,0.000153754,0.000375469,0.00128073,0.00322146,0.00244561,0.000831378,0.000518729,0.000492085,0.00213825,0.00200651,0.0085606,0.00514247,0.00404533,0.00245618,0.000733817,0.000398019,0.00120594,0.00154222,0.00184736,0.00214005,0.000719726,0.000112876,9.68004e-05,0.00194278,0.0306744,0.0734917,0.064249,0.0128811,0.000230948,0.000146173,0.000426995,0.000686862,0.00191503,0.00340402,0.00308737,0.000654531,0.000366232,0.000770295,0.00209886,0.00773431,0.00598947,0.0046978,0.00338401,0.000669583,0.00025327,0.000540215,0.00141064,0.00310118,0.00435101,0.00171682,0.00030017,0.000102329,0.000137086,0.0138992,0.0713876,0.0847194,0.0234465,0.000600709,8.77657e-05,0.000234132,0.00165515,0.00273202,0.00311747,0.00182989,0.000918909,0.000408916,0.000631105,0.00155308,0.00667344,0.00500854,0.0120232,0.00613721,0.000667563,0.000190844,0.000333833,0.000816944,0.00129367,0.00267646,0.00197016
106.997551020,0.00813257,0.00203999,0.000161363,0.000377253,0.00128572,0.00325454,0.00250832,0.000858283,0.000568607,0.000525481,0.0021433,0.00196603,0.00652861,0.00432285,0.00284171,0.00116247,0.000655943,0.000433134,0.00130406,0.0014879,0.00138725,0.00170667,0.00069975,0.000134517,0.000103196,0.00196554,0.0291657,0.0406369,0.0272307,0.00290683,0.000238676,0.000166714,0.000427221,0.000697827,0.0019582,0.00349627,0.00319885,0.00086814,0.000456963,0.000770295,0.00200223,0.00380469,0.00375617,0.00330976,0.00264018,0.000677271,0.000271831,0.000645647,0.00156916,0.00168824,0.00191518,0.00084597,0.000306758,0.000102329,0.000156909,0.0127408,0.0382654,0.0374037,0.00892629,0.000620181,9.77157e-05,0.000234283,0.0016761,0.00256595,0.00290143,0.00185586,0.000969862,0.000441815,0.000635678,0.0014785,0.00344567,0.0033363,0.00744771,0.0035607,0.000600051,0.000190866,0.000389379,0.000956126,0.000810381,0.00114007,0.000881553
108.483628118,0.019026,0.00873976,0.00383593,0.00149606,0.00171427,0.00360218,0.00225175,0.00231491,0.000974751,0.000525481,0.0021433,0.00206468,0.00735886,0.00776109,0.00846616,0.00474489,0.00701807,0.00433339,0.00418598,0.00802132,0.00658759,0.0023877,0.000564545,0.000127652,0.000103196,0.00267416,0.0251552,0.0227533,0.0141168,0.0180665,0.00957892,0.00111002,0.000427221,0.000697827,0.0012558,0.00428483,0.00698933,0.00313843,0.000832001,0.000770295,0.00178762,0.0034512,0.0052698,0.00440815,0.00194866,0.00228271,0.00416179,0.00194483,0.00403837,0.00674147,0.00437626,0.00122516,0.000338799,0.000102329,0.000200517,0.0119607,0.0272359,0.0188299,0.00725988,0.00537142,0.00118561,0.000240766,0.0016761,0.00119817,0.00106426,0.00132614,0.00113392,0.000553191,0.000656197,0.00150551,0.0032133,0.00332786,0.00696729,0.0024257,0.000559041,0.000229469,0.000486801,0.00101953,0.000827691,0.00119119,0.000933848
109.969705215,0.019026,0.0087397,0.00383013,0.0014556,0.00160334,0.00331928,0.00208591,0.00231491,0.000974751,0.0800021,0.282534,0.160477,0.00496377,0.104777,0.237954,0.136622,0.00707841,0.00433234,0.00516871,0.0119222,0.00683493,0.0023877,0.000564545,0.000127652,8.06527e-05,0.00106479,0.267196,0.513289,0.275374,0.152896,0.0787974,0.00605527,0.00320168,0.000581517,0.00180168,0.00661004,0.00713716,0.00313843,0.000832001,0.00697416,0.0258265,0.0795543,0.211143,0.0615069,0.00631382,0.00323515,0.00416179,0.00256175,0.00914612,0.0106283,0.00375858,0.000840005,0.000297021,0.000102329,0.0272305,0.141345,0.326476,0.282687,0.148441,0.177476,0.0630151,7.67882e-05,0.000465277,0.000917888,0.00310706,0.00365802,0.00113392,0.000553191,0.0659134,0.243888,0.16557,0.0906606,0.152124,0.200611,0.0761758,0.00429228,0.000486801,0.00101953,0.000827691,0.000940104,0.000658083
111.455782313,0.234456,0.100374,0.00460736,0.00300594,0.00235311,0.00840046,0.00449629,0.00224031,0.000973693,0.0810794,0.31196,0.358187,0.284674,0.352662,0.279194,0.136622,0.00707338,0.00431132,0.00777605,0.0136248,0.0075186,0.00345102,0.00175604,0.0688569,0.162878,0.152186,0.586738,0.937021,0.443176,0.204766,0.0787852,0.00605285,0.00350388,0.000837102,0.00599151,0.00905859,0.00759572,0.00313843,0.001875,0.154765,0.232595,0.331579,0.423715,0.224951,0.105651,0.00323515,0.00415985,0.00255775,0.0119267,0.0125265,0.00366794,0.00257795,0.00234984,0.0735698,0.218454,0.524736,0.854809,0.479632,0.149737,0.177747,0.0630134,7.66593e-05,0.000465277,0.00251194,0.00765628,0.00676287,0.000991647,0.00055106,0.205936,0.431244,0.223554,0.100464,0.248706,0.481483,0.251793,0.00527426,0.00235275,0.00143483,0.00140824,0.00214039,0.00177533
112.941859410,0.493971,0.100372,0.00460736,0.00300594,0.00230501,0.00888706,0.00463646,0.00214805,0.00097134,0.0810793,0.31196,0.434508,0.535266,0.473414,0.351452,0.356407,0.092571,0.00431005,0.00770535,0.0143,0.00993813,0.00525632,0.00214598,0.0690356,0.162878,0.152032,0.586004,1.05233,0.826545,0.561154,0.290437,0.0892312,0.00394032,0.00172635,0.00631909,0.0090267,0.00708473,0.00313685,0.00187432,0.154765,0.237071,0.350465,0.649118,0.472099,0.126034,0.00323515,0.00415964,0.00254799,0.0122309,0.0148127,0.0058816,0.00257795,0.00234984,0.0735696,0.218454,0.558358,1.02855,0.8648,0.372545,0.347735,0.146469,7.66593e-05,0.000635504,0.00332493,0.00839635,0.00673983,0.00127925,0.0007177,0.205933,0.512052,0.327195,0.184028,0.429535,0.64674,0.365759,0.00527403,0.00235183,0.00138404,0.00161639,0.00300454,0.00176853
114.427936508,0.643664,0.1607,0.00460736,0.00358736,0.00348913,0.0104292,0.00666755,0.00268671,0.000936785,0.0810708,0.319474,0.4912,0.74789,0.766976,0.431299,0.368675,0.0925519,0.0043091,0.0074801,0.0139682,0.0111525,0.00588103,0.00380742,0.07002,0.254461,0.385166,0.936269,1.4248,0.962581,0.639724,0.331659,0.0892262,0.00394032,0.00170836,0.00828674,0.0118776,0.00805325,0.00310926,0.00186628,0.228462,0.428629,0.469366,0.876993,0.739026,0.320864,0.00784097,0.00415964,0.00245585,0.0121015,0.0147023,0.00582966,0.00364706,0.00381105,0.074014,0.295271,0.928337,1.83027,1.26545,0.381111,0.347729,0.146466,7.55788e-05,0.00062369,0.00328222,0.00993595,0.00893758,0.00193815,0.00071553,0.295718,0.760637,0.44259,0.183961,0.591455,0.972426,0.441962,0.00571254,0.0035178,0.00228346,0.00189823,0.00299522,0.00170993
115.914013605,0.798421,0.160703,0.0046029,0.00357653,0.00345087,0.010386,0.00657679,0.00258576,0.000909634,0.0810641,0.342802,0.689535,0.964179,0.835232,0.49174,0.575216,0.26144,0.00429925,0.00745574,0.0139366,0.0110651,0.00795318,0.00375833,0.0700118,0.290834,0.474633,1.00884,1.59289,1.28664,0.794458,0.527568,0.159031,0.0039382,0.00293999,0.0089052,0.0116071,0.00781859,0.00304908,0.00185627,0.228452,0.444844,0.545799,1.16462,1.04827,0.380409,0.0270239,0.00415602,0.00242931,0.0120505,0.0152958,0.00746025,0.00363857,0.0038102,0.0819729,0.372805,1.12807,1.94236,1.61747,0.5822,0.478498,0.202129,7.33523e-05,0.000549075,0.00321386,0.0105497,0.00884346,0.00188416,0.000697252,0.295713,0.919695,0.60117,0.268458,0.691066,1.12594,0.659375,0.00570034,0.00391751,0.00306306,0.00212595,0.0031522,0.00169788
117.400090703,0.820489,0.192192,0.00840661,0.00356497,0.0043893,0.0114319,0.00632112,0.00255443,0.000871959,0.0845854,0.352494,0.694384,0.972857,0.866974,0.516713,0.575181,0.262354,0.00598569,0.00739902,0.0136567,0.0106879,0.00801786,0.00433299,0.0700114,0.290834,0.492299,1.1146,1.73945,1.3084,0.798351,0.544375,0.175919,0.00392071,0.00277762,0.00974298,0.0120571,0.00777322,0.00304653,0.0473804,0.350687,0.513671,0.545681,1.16676,1.06325,0.404578,0.0299579,0.00415364,0.00239795,0.0119478,0.0152083,0.00737106,0.00460285,0.00504991,0.0819725,0.372804,1.19675,2.23125,1.81709,0.593495,0.478471,0.202129,7.22086e-05,0.000419577,0.00316649,0.0122918,0.00925501,0.00187511,0.0006956,0.399568,1.06413,0.648405,0.268341,0.729731,1.32853,0.870447,0.0285894,0.00390528,0.0030107,0.00200103,0.00298956,0.0016251
118.886167800,0.820495,0.192195,0.00840787,0.00357318,0.00438989,0.011027,0.00605419,0.00245462,0.000849199,0.0845762,0.352449,0.694365,0.97278,0.866636,0.516441,0.575146,0.262342,0.00598242,0.0073949,0.0136646,0.0106515,0.00794101,0.00431837,0.070014,0.290841,0.49244,1.11579,1.73957,1.30816,0.798594,0.544487,0.175918,0.00392604,0.00277322,0.00964005,0.0119195,0.00756398,0.00273793,0.0472487,0.351,0.514524,0.545918,1.16835,1.0738,0.409536,0.0298948,0.0054779,0.00311964,0.0119303,0.014904,0.00706793,0.00492069,0.00523035,0.0819804,0.372803,1.19664,2.23259,1.82159,0.595513,0.484292,0.218544,0.00728578,0.000418399,0.00314559,0.0122449,0.00918739,0.0016915,0.000548732,0.405372,1.07858,0.653347,0.268254,0.730496,1.32881,0.870318,0.0286719,0.00393906,0.00308019,0.00191426,0.00273855,0.00160824
120.372244898,0.82043,0.192195,0.00840462,0.00351606,0.00433975,0.0109604,0.00598481,0.00244918,0.000847638,0.0845747,0.352449,0.694321,0.972513,0.866443,0.516308,0.575003,0.262329,0.0057265,0.00708481,0.0134414,0.0105789,0.0079004,0.00427968,0.070014,0.290841,0.492391,1.11575,1.73925,1.30757,0.798352,0.544485,0.175918,0.00390583,0.00270744,0.00957785,0.0118876,0.00754266,0.00271921,0.047247,0.350999,0.514472,0.54551,1.16806,1.07366,0.409505,0.029891,0.00535751,0.0028987,0.0117028,0.0148312,0.00706013,0.00491506,0.00522096,0.0819804,0.372785,1.19659,2.23219,1.8209,0.595285,0.484286,0.218544,0.00727861,0.000356021,0.00306004,0.0122007,0.00918073,0.00168262,0.000536013,0.405356,1.07856,0.65308,0.268015,0.730378,1.32875,0.870316,0.0286222,0.00386912,0.00299907,0.0018652,0.00269099,0.00157688
121.858321995,0.820362,0.192095,0.00838643,0.00338321,0.00405655,0.0108813,0.00596459,0.00240736,0.000846599,0.0845747,0.352434,0.69411,0.972214,0.866084,0.515749,0.574557,0.261914,0.0056921,0.0070471,0.0134141,0.0105262,0.00786679,0.0042337,0.0700108,0.290833,0.49239,1.11572,1.73895,1.30696,0.798065,0.544437,0.175904,0.00380083,0.00254542,0.00952551,0.0118764,0.00752973,0.00271921,0.0472447,0.350981,0.51446,0.545415,1.16771,1.07307,0.409096,0.029851,0.00529604,0.00287601,0.0116633,0.0147572,0.00700979,0.00481468,0.00522096,0.0819804,0.372783,1.19653,2.23151,1.81947,0.594655,0.484282,0.218544,0.00727768,0.000339295,0.00302657,0.0121741,0.00914122,0.00163351,0.000536036,0.405355,1.07853,0.652934,0.267661,0.729849,1.32843,0.870288,0.0286222,0.00386917,0.00296534,0.0018386,0.0026218,0.00149801
123.344399093,0.820219,0.191983,0.00832697,0.00333193,0.0040416,0.0108728,0.00586542,0.00234689,0.000835797,0.0844726,0.352296,0.693988,0.971969,0.865924,0.515648,0.574515,0.261913,0.00566806,0.00681092,0.013253,0.0104129,0.00776085,0.00411313,0.069965,0.290828,0.492386,1.11548,1.73831,1.30649,0.797986,0.544432,0.175886,0.00379695,0.00253425,0.00949693,0.0115494,0.00722678,0.00269974,0.0471544,0.350705,0.514241,0.545109,1.1674,1.07287,0.408724,0.0295253,0.00526226,0.0028645,0.0116004,0.0147261,0.00699062,0.00468822,0.0050788,0.0819428,0.37274,1.19636,2.23104,1.81896,0.594441,0.484068,0.218478,0.00724674,0.000281245,0.00300081,0.012145,0.00906002,0.00156814,0.000518361,0.40499,1.078,0.652776,0.267519,0.729537,1.32824,0.870232,0.0285982,0.00379388,0.00292366,0.001808,0.0026087,0.00147659
124.830476190,0.820179,0.19198,0.00832314,0.00332005,0.00403966,0.0108032,0.00578394,0.00230781,0.000798438,0.0844651,0.352186,0.693737,0.971791,0.865884,0.515598,0.574476,0.261909,0.00566806,0.00676692,0.0130694,0.0103072,0.00773314,0.00409923,0.0699502,0.29079,0.49236,1.11538,1.738,1.30629,0.797947,0.544431,0.17588,0.00377661,0.00245928,0.0094487,0.0114937,0.00719357,0.00269649,0.0471538,0.350577,0.514058,0.545005,1.16737,1.07287,0.408712,0.0295253,0.00526137,0.00284883,0.0113433,0.0144467,0.00691351,0.00468298,0.00507464,0.0819286,0.372736,1.19631,2.23087,1.81876,0.594315,0.484046,0.218477,0.00722274,0.000237732,0.00295482,0.0119847,0.00878131,0.00152578,0.000518361,0.404958,1.07793,0.652594,0.267405,0.729493,1.32811,0.870087,0.0285799,0.00378032,0.00269799,0.00164878,0.00254625,0.00145907
126.316553288,0.820095,0.191958,0.00828643,0.00330123,0.00403089,0.0107917,0.00577965,0.00229075,0.000794026,0.0844636,0.352182,0.69371,0.971774,0.865792,0.515413,0.574326,0.261772,0.00565937,0.00676665,0.0130651,0.0102798,0.00767589,0.00409739,0.0699426,0.290789,0.49236,1.11535,1.73789,1.30617,0.797879,0.544394,0.175863,0.003769,0.00245601,0.00943412,0.0114905,0.00713361,0.00256283,0.0471337,0.350577,0.514043,0.544993,1.1673,1.07266,0.408599,0.0294962,0.00526111,0.00284883,0.0113283,0.0144339,0.00690236,0.00467883,0.00503534,0.0819138,0.37273,1.19631,2.23075,1.8185,0.594208,0.484031,0.218471,0.00722037,0.000232139,0.00295022,0.0119836,0.00873526,0.00142612,0.000502029,0.404954,1.07792,0.652542,0.267323,0.72938,1.32804,0.870076,0.0285775,0.0037801,0.00268092,0.0016408,0.00252184,0.00144978
127.802630385,0.820081,0.191951,0.00827898,0.0032646,0.00402267,0.0107444,0.00575344,0.00227625,0.000759436,0.0844239,0.352068,0.693543,0.971487,0.865659,0.515286,0.574193,0.261764,0.00563317,0.00667837,0.0130027,0.0101623,0.00759036,0.0040884,0.0699414,0.290782,0.492292,1.11514,1.73773,1.30595,0.797784,0.544346,0.175854,0.00376895,0.00245295,0.00933517,0.0114059,0.00705917,0.00255702,0.0471154,0.350357,0.513843,0.544783,1.16719,1.07261,0.408586,0.0294604,0.00524081,0.00279732,0.01129,0.0144305,0.00688369,0.00467736,0.00502231,0.0818969,0.372721,1.19629,2.23067,1.81833,0.594083,0.483925,0.218465,0.00722037,0.000209702,0.00283173,0.0118929,0.00869564,0.00142479,0.000485299,0.404859,1.07782,0.652415,0.267258,0.72933,1.32801,0.870028,0.0285338,0.00377214,0.00264896,0.00163525,0.002495,0.00139122
129.288707483,0.819967,0.191939,0.00826535,0.00326285,0.00397338,0.0106511,0.00572048,0.00213966,0.000504464,0.084327,0.352059,0.693522,0.971178,0.865453,0.51512,0.574152,0.261763,0.00562877,0.00657797,0.0129607,0.0101446,0.00737909,0.00396043,0.069924,0.29078,0.492289,1.11509,1.73743,1.30568,0.797737,0.544321,0.175821,0.00376436,0.00242024,0.00932446,0.0113737,0.00694612,0.00249393,0.0470447,0.350334,0.513813,0.54465,1.16701,1.07239,0.408338,0.0294287,0.00523336,0.0027631,0.0112842,0.0143298,0.00677826,0.00466814,0.00502135,0.0818814,0.372697,1.19612,2.23035,1.81786,0.593871,0.483878,0.218465,0.00722037,0.000198488,0.00277121,0.0118774,0.00869474,0.00134425,0.000319012,0.404814,1.07778,0.652259,0.26711,0.728948,1.32752,0.870014,0.0285141,0.00371573,0.00262944,0.00163525,0.002495,0.00125085
130.774784580,0.812542,0.190173,0.00825774,0.00326106,0.00396839,0.010618,0.00565776,0.00211276,0.000454586,0.0842936,0.352054,0.693502,0.971112,0.865384,0.515045,0.57412,0.261752,0.00559365,0.00647986,0.0128931,0.010086,0.00729847,0.00389085,0.0699024,0.290774,0.492266,1.11504,1.73716,1.30529,0.797631,0.544313,0.1758,0.00376413,0.00240927,0.00928129,0.0112815,0.00683464,0.00228032,0.046954,0.350334,0.513796,0.544591,1.16688,1.07226,0.408256,0.0294138,0.00521479,0.00265767,0.0111256,0.0142686,0.00673759,0.00464493,0.00501477,0.0818814,0.372677,1.19609,2.2302,1.81747,0.593765,0.483858,0.218455,0.00722022,0.000170236,0.00267628,0.0118018,0.00866877,0.0012933,0.000286114,0.40481,1.07776,0.652206,0.267,0.728781,1.32747,0.87001,0.0285141,0.00366018,0.00249026,0.00157268,0.00241304,0.00119853
132.260861678,0.801649,0.183473,0.00458317,0.00214225,0.00302643,0.0087363,0.00499294,0.00065613,4.84425e-05,0.0842936,0.352054,0.693209,0.970079,0.861778,0.509088,0.570538,0.25539,0.00169339,0.00359794,0.00635969,0.00469822,0.00607821,0.00389085,0.0699024,0.290774,0.491558,1.11442,1.73708,1.30144,0.782471,0.534973,0.174857,0.00376413,0.00240927,0.009256,0.00955117,0.00277405,1.00309e-05,0.0465789,0.350334,0.513776,0.544459,1.16529,1.07048,0.407886,0.0277038,0.00132483,0.00135849,0.00865643,0.00921535,0.00422793,0.00422371,0.00498272,0.0818814,0.372633,1.19539,2.22987,1.8172,0.591313,0.479107,0.217367,0.00721374,0.000170236,0.00266308,0.0117504,0.00859822,0.00112924,0.000174738,0.404789,1.07773,0.652106,0.266866,0.728717,1.32743,0.869997,0.0284755,0.00356276,0.00242686,0.00155537,0.00236192,0.00114624