TIME,VALUE,LABEL
0.000000000,0.0233194
0.023219955,0
0.046439909,0
0.069659864,0
0.092879819,0
0.116099773,0
0.139319728,0
0.162539683,0
0.185759637,0
0.208979592,0
0.232199546,0
0.255419501,0
0.278639456,0
0.301859410,0
0.325079365,0
0.348299320,0
0.371519274,0
0.394739229,0
0.417959184,0
0.441179138,0
0.464399093,0
0.487619048,0
0.510839002,0
0.534058957,0
0.557278912,0
0.580498866,0
0.603718821,0
0.626938776,0
0.650158730,0
0.673378685,0
0.696598639,0
0.719818594,0
0.743038549,0
0.766258503,0
0.789478458,0
0.812698413,0
0.835918367,0
0.859138322,0
0.882358277,0
0.905578231,0
0.928798186,0
0.952018141,0
0.975238095,0
0.998458050,10.5449
1.021678005,18.5358
1.044897959,9.28163
1.068117914,10.1379
1.091337868,0
1.114557823,0
1.137777778,0
1.160997732,0
1.184217687,0
1.207437642,0
1.230657596,0
1.253877551,0
1.277097506,0
1.300317460,0
1.323537415,0
1.346757370,0
1.369977324,0
1.393197279,1.02911
1.416417234,1.78665
1.439637188,0
1.462857143,0
1.486077098,0
1.509297052,0
1.532517007,0
1.555736961,0
1.578956916,0
1.602176871,0
1.625396825,0
1.648616780,0
1.671836735,0
1.695056689,0
1.718276644,0
1.741496599,0
1.764716553,0
1.787936508,0
1.811156463,0
1.834376417,0
1.857596372,0
1.880816327,0
1.904036281,0
1.927256236,0.0768678
1.950476190,0
1.973696145,0
1.996916100,0
2.020136054,0
2.043356009,0
2.066575964,0.106827
2.089795918,0.425722
2.113015873,1.00878
2.136235828,0
2.159455782,0
2.182675737,0
2.205895692,0
2.229115646,0
2.252335601,0
2.275555556,0
2.298775510,0
2.321995465,0
2.345215420,0
2.368435374,0
2.391655329,0
2.414875283,0
2.438095238,0
2.461315193,0
2.484535147,0
2.507755102,0
2.530975057,0.00224963
2.554195011,0
2.577414966,0
2.600634921,0
2.623854875,0
2.647074830,0
2.670294785,0
2.693514739,0
2.716734694,0
2.739954649,0
2.763174603,0
2.786394558,0.974487
2.809614512,1.63859
2.832834467,0
2.856054422,0
2.879274376,0
2.902494331,0
2.925714286,0
2.948934240,0
2.972154195,0
2.995374150,0
3.018594104,0
3.041814059,0
3.065034014,0
3.088253968,0.083435
3.111473923,0.297089
3.134693878,0
3.157913832,0
3.181133787,0
3.204353741,0
3.227573696,0
3.250793651,0
3.274013605,0
3.297233560,0.00901785
3.320453515,0
3.343673469,0
3.366893424,0
3.390113379,0
3.413333333,0
3.436553288,0
3.459773243,0
3.482993197,0.468952
3.506213152,1.0015
3.529433107,0
3.552653061,0
3.575873016,0
3.599092971,0
3.622312925,0
3.645532880,0
3.668752834,0
3.691972789,0
3.715192744,0
3.738412698,0
3.761632653,0
3.784852608,0
3.808072562,0.0517608
3.831292517,0.0264855
3.854512472,0
3.877732426,0
3.900952381,0
3.924172336,0
3.947392290,0
3.970612245,0.186323
3.993832200,0.335296
4.017052154,0
4.040272109,0
4.063492063,0
4.086712018,0
4.109931973,0
4.133151927,0
4.156371882,0.113128
4.179591837,0.85942
4.202811791,0
4.226031746,0
4.249251701,0
4.272471655,0
4.295691610,0
4.318911565,0.026898
4.342131519,0
4.365351474,0
4.388571429,0
4.411791383,0
4.435011338,0
4.458231293,0
4.481451247,0
4.504671202,0.0282494
4.527891156,0
4.551111111,0
4.574331066,0
4.597551020,0
4.620770975,0.0499488
4.643990930,0
4.667210884,0
4.690430839,0
4.713650794,0
4.736870748,0
4.760090703,0
4.783310658,0
4.806530612,0
4.829750567,0.0154234
4.852970522,1.16906
4.876190476,0.424388
4.899410431,0
4.922630385,0
4.945850340,0
4.969070295,0
4.992290249,0.0942543
5.015510204,0.154517
5.038730159,0
5.061950113,0
5.085170068,0
5.108390023,0
5.131609977,0.0913101
5.154829932,0
5.178049887,0
5.201269841,0
5.224489796,0
5.247709751,0
5.270929705,0
5.294149660,0
5.317369615,0
5.340589569,0
5.363809524,0
5.387029478,0
5.410249433,0
5.433469388,0
5.456689342,0
5.479909297,0
5.503129252,0.0277295
5.526349206,0.732662
5.549569161,0.409322
5.572789116,0
5.596009070,0
5.619229025,0
5.642448980,0
5.665668934,0
5.688888889,0.446578
5.712108844,0.0566141
5.735328798,0
5.758548753,0
5.781768707,0
5.804988662,0
5.828208617,0
5.851428571,0
5.874648526,0.179225
5.897868481,0
5.921088435,0
5.944308390,0
5.967528345,0.0343545
5.990748299,0
6.013968254,0
6.037188209,0
6.060408163,0
6.083628118,0
6.106848073,0
6.130068027,0
6.153287982,0
6.176507937,0
6.199727891,0
6.222947846,0.742532
6.246167800,0.337329
6.269387755,0
6.292607710,0
6.315827664,0
6.339047619,0
6.362267574,0
6.385487528,0.025461
6.408707483,0
6.431927438,0
6.455147392,0
6.478367347,0
6.501587302,0
6.524807256,0
6.548027211,0.0178485
6.571247166,0.249454
6.594467120,0
6.617687075,0
6.640907029,0
6.664126984,0
6.687346939,0
6.710566893,0
6.733786848,0
6.757006803,0
6.780226757,0
6.803446712,0
6.826666667,0
6.849886621,0
6.873106576,0
6.896326531,0
6.919546485,1.49275
6.942766440,0
6.965986395,0
6.989206349,0
7.012426304,0
7.035646259,0
7.058866213,0
7.082086168,0.0182537
7.105306122,0
7.128526077,0
7.151746032,0
7.174965986,0
7.198185941,0
7.221405896,0
7.244625850,0
7.267845805,0
7.291065760,0
7.314285714,0
7.337505669,0.0259453
7.360725624,0
7.383945578,0
7.407165533,0.103361
7.430385488,0.165381
7.453605442,0
7.476825397,0
7.500045351,0
7.523265306,0
7.546485261,0
7.569705215,0
7.592925170,0.216343
7.616145125,1.33446
7.639365079,0
7.662585034,0
7.685804989,0
7.709024943,0
7.732244898,0.0750444
7.755464853,0
7.778684807,0
7.801904762,0
7.825124717,0
7.848344671,0
7.871564626,0
7.894784580,0
7.918004535,0
7.941224490,0
7.964444444,0
7.987664399,0
8.010884354,0
8.034104308,0
8.057324263,0
8.080544218,0
8.103764172,0
8.126984127,0
8.150204082,0
8.173424036,0
8.196643991,0
8.219863946,0
8.243083900,0
8.266303855,0.710917
8.289523810,2.73646
8.312743764,0
8.335963719,0
8.359183673,0
8.382403628,0
8.405623583,0
8.428843537,0
8.452063492,0
8.475283447,0
8.498503401,0
8.521723356,0
8.544943311,0
8.568163265,0
8.591383220,0
8.614603175,0
8.637823129,0
8.661043084,0
8.684263039,0
8.707482993,0
8.730702948,0
8.753922902,0
8.777142857,0.172435
8.800362812,0
8.823582766,0
8.846802721,0
8.870022676,0
8.893242630,0
8.916462585,0
8.939682540,0
8.962902494,0.361622
8.986122449,1.33497
9.009342404,0
9.032562358,0
9.055782313,0
9.079002268,0
9.102222222,0
9.125442177,0
9.148662132,0
9.171882086,0
9.195102041,0
9.218321995,0
9.241541950,0
9.264761905,0
9.287981859,0
9.311201814,0
9.334421769,0
9.357641723,0
9.380861678,0
9.404081633,0
9.427301587,0
9.450521542,0.0650014
9.473741497,0.135738
9.496961451,0
9.520181406,0
9.543401361,0
9.566621315,0
9.589841270,0
9.613061224,0
9.636281179,0
9.659501134,0.658156
9.682721088,0.184078
9.705941043,0
9.729160998,0
9.752380952,0
9.775600907,0
9.798820862,0.0172498
9.822040816,0.13306
9.845260771,0
9.868480726,0
9.891700680,0
9.914920635,0
9.938140590,0
9.961360544,0
9.984580499,0
10.007800454,0.05841
10.031020408,0
10.054240363,0
10.077460317,0
10.100680272,0
10.123900227,0.0503021
10.147120181,0.0533722
10.170340136,0
10.193560091,0
10.216780045,0
10.240000000,0
10.263219955,0
10.286439909,0
10.309659864,0.0254601
10.332879819,0.920531
10.356099773,0.254621
10.379319728,0
10.402539683,0
10.425759637,0
10.448979592,0
10.472199546,0
10.495419501,0
10.518639456,0.00229134
10.541859410,0
10.565079365,0
10.588299320,0
10.611519274,0
10.634739229,0
10.657959184,0
10.681179138,0
10.704399093,0
10.727619048,0
10.750839002,0
10.774058957,0.0441022
10.797278912,0.0466106
10.820498866,0.167263
10.843718821,0
10.866938776,0
10.890158730,0
10.913378685,0
10.936598639,0
10.959818594,0
10.983038549,0
11.006258503,0.793613
11.029478458,0.298988
11.052698413,0
11.075918367,0
11.099138322,0
11.122358277,0
11.145578231,0
11.168798186,0.0866719
11.192018141,0
11.215238095,0
11.238458050,0
11.261678005,0
11.284897959,0
11.308117914,0
11.331337868,0
11.354557823,0.299901
11.377777778,0
11.400997732,0
11.424217687,0
11.447437642,0
11.470657596,0.0388384
11.493877551,0.0477652
11.517097506,0
11.540317460,0
11.563537415,0
11.586757370,0
11.609977324,0
11.633197279,0
11.656417234,0
11.679637188,0.30597
11.702857143,0.479197
11.726077098,0
11.749297052,0
11.772517007,0
11.795736961,0
11.818956916,0
11.842176871,0
11.865396825,0.195298
11.888616780,0
11.911836735,0
11.935056689,0
11.958276644,0
11.981496599,0.0175892
12.004716553,0
12.027936508,0.171483
12.051156463,0
12.074376417,0
12.097596372,0
12.120816327,0
12.144036281,0
12.167256236,0
12.190476190,0.176204
12.213696145,0.134637
12.236916100,0
12.260136054,0
12.283356009,0
12.306575964,0
12.329795918,0
12.353015873,0
12.376235828,0.324652
12.399455782,1.06671
12.422675737,0.0088686
12.445895692,0
12.469115646,0
12.492335601,0
12.515555556,0
12.538775510,0
12.561995465,0
12.585215420,0
12.608435374,0
12.631655329,0
12.654875283,0
12.678095238,0
12.701315193,0
12.724535147,0.231187
12.747755102,0
12.770975057,0
12.794195011,0
12.817414966,0
12.840634921,0.087398
12.863854875,0
12.887074830,0.018303
12.910294785,0
12.933514739,0
12.956734694,0
12.979954649,0
13.003174603,0
13.026394558,0
13.049614512,0
13.072834467,0.624223
13.096054422,0.772289
13.119274376,0
13.142494331,0
13.165714286,0
13.188934240,0
13.212154195,0
13.235374150,0
13.258594104,0
13.281814059,0
13.305034014,0
13.328253968,0
13.351473923,0
13.374693878,0
13.397913832,0
13.421133787,0
13.444353741,0
13.467573696,0
13.490793651,0
13.514013605,0
13.537233560,0
13.560453515,0
13.583673469,0
13.606893424,0
13.630113379,0
13.653333333,0.0119829
13.676553288,0
13.699773243,0.0061591
13.722993197,0.208479
13.746213152,0.882391
13.769433107,0.0541302
13.792653061,0
13.815873016,0
13.839092971,0
13.862312925,0
13.885532880,0
13.908752834,0
13.931972789,0
13.955192744,0
13.978412698,0
14.001632653,0
14.024852608,0.0302362
14.048072562,0
14.071292517,0.176587
14.094512472,0
14.117732426,0
14.140952381,0
14.164172336,0
14.187392290,0
14.210612245,0
14.233832200,0.0300563
14.257052154,0.0578664
14.280272109,0
14.303492063,0
14.326712018,0
14.349931973,0
14.373151927,0
14.396371882,0
14.419591837,0.439417
14.442811791,1.30802
14.466031746,0
14.489251701,0
14.512471655,0
14.535691610,0
14.558911565,0
14.582131519,0
14.605351474,0
14.628571429,0
14.651791383,0
14.675011338,0
14.698231293,0
14.721451247,0
14.744671202,0.757027
14.767891156,0
14.791111111,0
14.814331066,0
14.837551020,0.00915048
14.860770975,0.137062
14.883990930,0
14.907210884,0.0596172
14.930430839,0.0115932
14.953650794,0
14.976870748,0
15.000090703,0
15.023310658,0
15.046530612,0
15.069750567,0
15.092970522,0.145734
15.116190476,0.460986
15.139410431,0.02811
15.162630385,0
15.185850340,0
15.209070295,0
15.232290249,0
15.255510204,0
15.278730159,0
15.301950113,0
15.325170068,0
15.348390023,0
15.371609977,0
15.394829932,0.000365362
15.418049887,0.0638008
15.441269841,0
15.464489796,0
15.487709751,0
15.510929705,0
15.534149660,0
15.557369615,0
15.580589569,0.00772231
15.603809524,0.372031
15.627029478,0
15.650249433,0
15.673469388,0
15.696689342,0
15.719909297,0
15.743129252,0
15.766349206,0
15.789569161,0.315943
15.812789116,1.59801
15.836009070,0
15.859229025,0
15.882448980,0
15.905668934,0
15.928888889,0.0771687
15.952108844,0
15.975328798,0
15.998548753,0
16.021768707,0
16.044988662,0
16.068208617,0
16.091428571,0
16.114648526,0
16.137868481,0
16.161088435,0
16.184308390,0
16.207528345,0
16.230748299,0
16.253968254,0
16.277188209,0
16.300408163,0
16.323628118,0
16.346848073,0
16.370068027,0
16.393287982,0
16.416507937,0
16.439727891,0.771751
16.462947846,2.17539
16.486167800,0
16.509387755,0
16.532607710,0
16.555827664,0
16.579047619,0
16.602267574,0
16.625487528,0
16.648707483,0
16.671927438,0
16.695147392,0
16.718367347,0
16.741587302,0
16.764807256,0
16.788027211,0.00650863
16.811247166,0
16.834467120,0
16.857687075,0
16.880907029,0
16.904126984,0
16.927346939,0
16.950566893,0.0136293
16.973786848,0.110279
16.997006803,0
17.020226757,0
17.043446712,0
17.066666667,0
17.089886621,0
17.113106576,0
17.136326531,0.565254
17.159546485,1.47
17.182766440,0
17.205986395,0
17.229206349,0
17.252426304,0
17.275646259,0
17.298866213,0
17.322086168,0
17.345306122,0.0493474
17.368526077,0
17.391746032,0
17.414965986,0
17.438185941,0
17.461405896,0.0309553
17.484625850,0
17.507845805,0
17.531065760,0
17.554285714,0
17.577505669,0
17.600725624,0
17.623945578,0
17.647165533,0.0196499
17.670385488,0
17.693605442,0
17.716825397,0
17.740045351,0
17.763265306,0
17.786485261,0
17.809705215,0
17.832925170,0.144785
17.856145125,0.650364
17.879365079,0.0296133
17.902585034,0
17.925804989,0
17.949024943,0
17.972244898,0
17.995464853,0
18.018684807,0.152933
18.041904762,0.0497031
18.065124717,0
18.088344671,0
18.111564626,0
18.134784580,0
18.158004535,0
18.181224490,0
18.204444444,0
18.227664399,0
18.250884354,0
18.274104308,0
18.297324263,0
18.320544218,0.00858457
18.343764172,0
18.366984127,0
18.390204082,0
18.413424036,0
18.436643991,0
18.459863946,0
18.483083900,0.00720944
18.506303855,0.0434433
18.529523810,0.453609
18.552743764,0.333838
18.575963719,0
18.599183673,0
18.622403628,0
18.645623583,0
18.668843537,0
18.692063492,0
18.715283447,0
18.738503401,0
18.761723356,0
18.784943311,0
18.808163265,0
18.831383220,0
18.854603175,0
18.877823129,0
18.901043084,0
18.924263039,0
18.947482993,0.0844827
18.970702948,0
18.993922902,0
19.017142857,0
19.040362812,0
19.063582766,0
19.086802721,0
19.110022676,0
19.133242630,0
19.156462585,0.0515448
19.179682540,0.39574
19.202902494,0.634514
19.226122449,0
19.249342404,0
19.272562358,0
19.295782313,0
19.319002268,0
19.342222222,0
19.365442177,0
19.388662132,0
19.411882086,0
19.435102041,0
19.458321995,0
19.481541950,0
19.504761905,0
19.527981859,0
19.551201814,0
19.574421769,0
19.597641723,0
19.620861678,0
19.644081633,0
19.667301587,0.00852607
19.690521542,0
19.713741497,0
19.736961451,0
19.760181406,0
19.783401361,0
19.806621315,0
19.829841270,0
19.853061224,0.0906126
19.876281179,0.642032
19.899501134,0.459927
19.922721088,0
19.945941043,0
19.969160998,0
19.992380952,0
20.015600907,0
20.038820862,0.0647888
20.062040816,0
20.085260771,0
20.108480726,0
20.131700680,0
20.154920635,0
20.178140590,0
20.201360544,0.0484932
20.224580499,0
20.247800454,0
20.271020408,0
20.294240363,0
20.317460317,0.00898851
20.340680272,0
20.363900227,0
20.387120181,0.0851889
20.410340136,0.0278728
20.433560091,0
20.456780045,0
20.480000000,0
20.503219955,0
20.526439909,0
20.549659864,0
20.572879819,0.420473
20.596099773,0.0342208
20.619319728,0
20.642539683,0
20.665759637,0
20.688979592,0
20.712199546,0.0656596
20.735419501,0.223612
20.758639456,0
20.781859410,0
20.805079365,0
20.828299320,0
20.851519274,0
20.874739229,0
20.897959184,0.0926856
20.921179138,0.0621701
20.944399093,0
20.967619048,0
20.990839002,0
21.014058957,0
21.037278912,0
21.060498866,0
21.083718821,0
21.106938776,0
21.130158730,0
21.153378685,0
21.176598639,0
21.199818594,0
21.223038549,0.047252
21.246258503,0.594756
21.269478458,0
21.292698413,0
21.315918367,0
21.339138322,0
21.362358277,0
21.385578231,0
21.408798186,0.0478407
21.432018141,0.066459
21.455238095,0
21.478458050,0
21.501678005,0
21.524897959,0
21.548117914,0
21.571337868,0.172662
21.594557823,0
21.617777778,0
21.640997732,0
21.664217687,0
21.687437642,0
21.710657596,0
21.733877551,0
21.757097506,0
21.780317460,0
21.803537415,0
21.826757370,0
21.849977324,0
21.873197279,0
21.896417234,0.224846
21.919637188,0.788507
21.942857143,0.0196612
21.966077098,0
21.989297052,0
22.012517007,0
22.035736961,0
22.058956916,0
22.082176871,0
22.105396825,0
22.128616780,0
22.151836735,0
22.175056689,0
22.198276644,0
22.221496599,0.00928208
22.244716553,0.044281
22.267936508,0
22.291156463,0
22.314376417,0
22.337596372,0.0182192
22.360816327,0
22.384036281,0
22.407256236,0
22.430476190,0
22.453696145,0
22.476916100,0
22.500136054,0
22.523356009,0
22.546575964,0
22.569795918,0.073422
22.593015873,1.48217
22.616235828,0.441471
22.639455782,0
22.662675737,0
22.685895692,0
22.709115646,0
22.732335601,0
22.755555556,0
22.778775510,0
22.801995465,0
22.825215420,0
22.848435374,0
22.871655329,0
22.894875283,0
22.918095238,0
22.941315193,0
22.964535147,0
22.987755102,0
23.010975057,0
23.034195011,0
23.057414966,0
23.080634921,0
23.103854875,0
23.127074830,0
23.150294785,0
23.173514739,0
23.196734694,0
23.219954649,8.38555
23.243174603,23.1017
23.266394558,0
23.289614512,0
23.312834467,0
23.336054422,0
23.359274376,0
23.382494331,0
23.405714286,0
23.428934240,0
23.452154195,0
23.475374150,0
23.498594104,3.98015
23.521814059,14.941
23.545034014,1.56563
23.568253968,0
23.591473923,0
23.614693878,0
23.637913832,0
23.661133787,0
23.684353741,0
23.707573696,0
23.730793651,0
23.754013605,0
23.777233560,0
23.800453515,0
23.823673469,0
23.846893424,0
23.870113379,0
23.893333333,8.39209
23.916553288,22.721
23.939773243,0.0180601
23.962993197,0
23.986213152,0
24.009433107,0
24.032653061,0
24.055873016,0
24.079092971,0
24.102312925,0
24.125532880,0
24.148752834,0
24.171972789,0
24.195192744,0
24.218412698,0
24.241632653,5.04881
24.264852608,5.12745
24.288072562,0
24.311292517,0
24.334512472,0
24.357732426,0
24.380952381,0
24.404172336,0
24.427392290,0
24.450612245,0
24.473832200,0
24.497052154,0
24.520272109,5.70458
24.543492063,11.0008
24.566712018,1.07458
24.589931973,0
24.613151927,0
24.636371882,0
24.659591837,0
24.682811791,0
24.706031746,0
24.729251701,0
24.752471655,0
24.775691610,1.74133
24.798911565,0
24.822131519,0
24.845351474,0
24.868571429,0
24.891791383,3.14251
24.915011338,0
24.938231293,0
24.961451247,0
24.984671202,0
25.007891156,0
25.031111111,0
25.054331066,0
25.077551020,0
25.100770975,0
25.123990930,0
25.147210884,0
25.170430839,0
25.193650794,0
25.216870748,0
25.240090703,0
25.263310658,0
25.286530612,16.5897
25.309750567,16.2713
25.332970522,0
25.356190476,0
25.379410431,0
25.402630385,0
25.425850340,0
25.449070295,0
25.472290249,0
25.495510204,0
25.518730159,0
25.541950113,0
25.565170068,8.28906
25.588390023,13.9123
25.611609977,0
25.634829932,0
25.658049887,0
25.681269841,0
25.704489796,0
25.727709751,0
25.750929705,0
25.774149660,0
25.797369615,0
25.820589569,0
25.843809524,0
25.867029478,0
25.890249433,0
25.913469388,0
25.936689342,0
25.959909297,6.9282
25.983129252,19.8948
26.006349206,0.229181
26.029569161,0
26.052789116,0
26.076009070,0
26.099229025,0
26.122448980,0
26.145668934,0
26.168888889,0
26.192108844,0
26.215328798,0
26.238548753,0
26.261768707,12.7991
26.284988662,9.29317
26.308208617,0
26.331428571,0
26.354648526,0
26.377868481,0
26.401088435,0
26.424308390,0
26.447528345,0
26.470748299,0
26.493968254,0
26.517188209,0
26.540408163,0
26.563628118,0
26.586848073,0
26.610068027,0
26.633287982,7.43905
26.656507937,19.7486
26.679727891,0
26.702947846,0
26.726167800,0
26.749387755,0
26.772607710,0
26.795827664,0
26.819047619,0
26.842267574,0
26.865487528,0
26.888707483,0
26.911927438,0
26.935147392,0
26.958367347,0
26.981587302,6.58302
27.004807256,4.32366
27.028027211,0
27.051247166,0
27.074467120,0
27.097687075,0
27.120907029,0
27.144126984,0.708367
27.167346939,0
27.190566893,0
27.213786848,0
27.237006803,0
27.260226757,0.616491
27.283446712,7.43244
27.306666667,4.7723
27.329886621,4.59965
27.353106576,2.10798
27.376326531,0
27.399546485,0
27.422766440,0
27.445986395,0
27.469206349,0
27.492426304,0
27.515646259,0
27.538866213,0.305213
27.562086168,0
27.585306122,0
27.608526077,0
27.631746032,1.0454
27.654965986,0
27.678185941,0
27.701405896,0
27.724625850,0
27.747845805,0
27.771065760,0
27.794285714,0
27.817505669,0
27.840725624,0
27.863945578,0
27.887165533,0
27.910385488,0
27.933605442,0
27.956825397,0
27.980045351,0
28.003265306,15.0697
28.026485261,21.1853
28.049705215,0
28.072925170,0
28.096145125,0
28.119365079,0
28.142585034,0
28.165804989,0
28.189024943,0
28.212244898,0
28.235464853,0
28.258684807,0
28.281904762,0
28.305124717,3.50758
28.328344671,12.9751
28.351564626,3.145
28.374784580,0
28.398004535,0
28.421224490,0
28.444444444,0
28.467664399,0
28.490884354,0
28.514104308,0
28.537324263,0
28.560544218,0
28.583764172,0
28.606984127,0
28.630204082,0
28.653424036,0
28.676643991,0
28.699863946,13.3737
28.723083900,18.7819
28.746303855,0
28.769523810,0
28.792743764,0
28.815963719,0
28.839183673,0
28.862403628,0
28.885623583,0
28.908843537,0
28.932063492,0
28.955283447,0
28.978503401,0
29.001723356,8.03742
29.024943311,17.0517
29.048163265,0
29.071383220,0
29.094603175,0
29.117823129,0
29.141043084,0
29.164263039,0
29.187482993,0
29.210702948,0
29.233922902,0
29.257142857,0
29.280362812,0
29.303582766,0
29.326802721,0
29.350022676,0
29.373242630,0
29.396462585,18.6106
29.419682540,15.9652
29.442902494,0
29.466122449,0
29.489342404,0
29.512562358,0
29.535782313,0
29.559002268,0
29.582222222,0
29.605442177,0
29.628662132,0
29.651882086,0
29.675102041,0
29.698321995,0
29.721541950,2.88084
29.744761905,6.47369
29.767981859,0
29.791201814,0
29.814421769,0
29.837641723,0
29.860861678,0
29.884081633,0
29.907301587,0
29.930521542,0
29.953741497,0
29.976961451,0
30.000181406,4.74499
30.023401361,9.55706
30.046621315,3.88575
30.069841270,0.914865
30.093061224,0
30.116281179,0
30.139501134,0
30.162721088,0
30.185941043,0
30.209160998,0
30.232380952,0
30.255600907,0.330923
30.278820862,0
30.302040816,0
30.325260771,0
30.348480726,0
30.371700680,0.780922
30.394920635,0
30.418140590,0
30.441360544,0
30.464580499,0
30.487800454,0
30.511020408,0
30.534240363,0
30.557460317,0
30.580680272,0
30.603900227,0
30.627120181,0
30.650340136,0
30.673560091,0
30.696780045,0
30.720000000,0
30.743219955,10.3109
30.766439909,22.2435
30.789659864,0.423914
30.812879819,0
30.836099773,0
30.859319728,0
30.882539683,0
30.905759637,0
30.928979592,0
30.952199546,0
30.975419501,0
30.998639456,0
31.021859410,0
31.045079365,4.33194
31.068299320,16.011
31.091519274,1.10967
31.114739229,0
31.137959184,0
31.161179138,0
31.184399093,0
31.207619048,0
31.230839002,0
31.254058957,0
31.277278912,0
31.300498866,0
31.323718821,0
31.346938776,0
31.370158730,0
31.393378685,0
31.416598639,0
31.439818594,6.09546
31.463038549,11.8057
31.486258503,0
31.509478458,0
31.532698413,0
31.555918367,0
31.579138322,0
31.602358277,0
31.625578231,0
31.648798186,0
31.672018141,0
31.695238095,0
31.718458050,0
31.741678005,0
31.764897959,1.58387
31.788117914,0.916882
31.811337868,0
31.834557823,0
31.857777778,0
31.880997732,0
31.904217687,0
31.927437642,0
31.950657596,0
31.973877551,0
31.997097506,0
32.020317460,0
32.043537415,0
32.066757370,0
32.089977324,0
32.113197279,0.60626
32.136417234,8.65133
32.159637188,1.31923
32.182857143,0
32.206077098,0
32.229297052,0
32.252517007,0
32.275736961,0
32.298956916,0
32.322176871,0
32.345396825,0
32.368616780,0
32.391836735,0
32.415056689,0
32.438276644,0
32.461496599,0.920506
32.484716553,0
32.507936508,0
32.531156463,0
32.554376417,0
32.577596372,0
32.600816327,0
32.624036281,0
32.647256236,0
32.670476190,0
32.693696145,0
32.716916100,0
32.740136054,0.262879
32.763356009,1.18832
32.786575964,0.572718
32.809795918,1.75002
32.833015873,0.25349
32.856235828,0
32.879455782,0
32.902675737,0
32.925895692,0
32.949115646,0
32.972335601,0.571909
32.995555556,1.2013
33.018775510,0
33.041995465,0
33.065215420,0
33.088435374,0
33.111655329,0
33.134875283,0
33.158095238,0
33.181315193,0
33.204535147,0
33.227755102,0
33.250975057,0
33.274195011,0
33.297414966,0
33.320634921,0
33.343854875,0
33.367074830,0
33.390294785,0
33.413514739,0
33.436734694,0
33.459954649,0
33.483174603,5.51857
33.506394558,14.6901
33.529614512,0
33.552834467,0
33.576054422,0
33.599274376,0
33.622494331,0
33.645714286,0
33.668934240,0
33.692154195,0
33.715374150,0
33.738594104,0
33.761814059,0
33.785034014,0
33.808253968,0.00921422
33.831473923,0
33.854693878,0
33.877913832,0
33.901133787,0
33.924353741,0
33.947573696,0
33.970793651,0
33.994013605,0
34.017233560,0
34.040453515,0
34.063673469,0
34.086893424,0
34.110113379,0
34.133333333,0
34.156553288,4.15388
34.179773243,2.68587
34.202993197,0
34.226213152,0
34.249433107,0
34.272653061,0
34.295873016,0
34.319092971,0
34.342312925,0
34.365532880,0
34.388752834,0
34.411972789,0
34.435192744,0
34.458412698,0
34.481632653,0
34.504852608,0
34.528072562,0
34.551292517,0
34.574512472,0
34.597732426,0
34.620952381,0
34.644172336,0
34.667392290,0
34.690612245,0
34.713832200,0
34.737052154,0
34.760272109,0
34.783492063,0
34.806712018,0.00550097
34.829931973,0.440417
34.853151927,0.254561
34.876371882,0
34.899591837,0
34.922811791,0
34.946031746,0.15035
34.969251701,0.0740391
34.992471655,0
35.015691610,0
35.038911565,0
35.062131519,0
35.085351474,0
35.108571429,0
35.131791383,0
35.155011338,0
35.178231293,0
35.201451247,0
35.224671202,0.198733
35.247891156,0
35.271111111,0
35.294331066,0
35.317551020,0
35.340770975,0
35.363990930,0
35.387210884,0
35.410430839,0
35.433650794,0
35.456870748,0
35.480090703,0
35.503310658,1.65593
35.526530612,2.18835
35.549750567,0
35.572970522,0
35.596190476,0
35.619410431,0
35.642630385,0
35.665850340,0
35.689070295,0.0300258
35.712290249,0
35.735510204,0
35.758730159,0
35.781950113,0
35.805170068,0
35.828390023,0
35.851609977,0
35.874829932,0
35.898049887,0
35.921269841,0
35.944489796,0
35.967709751,0
35.990929705,0.0924937
36.014149660,0.204226
36.037369615,0
36.060589569,0
36.083809524,0
36.107029478,0
36.130249433,0
36.153469388,0
36.176689342,0.531684
36.199909297,1.31942
36.223129252,0
36.246349206,0
36.269569161,0
36.292789116,0
36.316009070,0
36.339229025,0
36.362448980,0.0593075
36.385668934,0
36.408888889,0
36.432108844,0
36.455328798,0
36.478548753,0
36.501768707,0.0900362
36.524988662,0.0679815
36.548208617,0
36.571428571,0
36.594648526,0
36.617868481,0
36.641088435,0
36.664308390,0.39948
36.687528345,0.323072
36.710748299,0
36.733968254,0
36.757188209,0
36.780408163,0
36.803628118,0
36.826848073,0
36.850068027,0.539454
36.873287982,0.691553
36.896507937,0
36.919727891,0
36.942947846,0
36.966167800,0
36.989387755,0
37.012607710,0
37.035827664,0
37.059047619,0
37.082267574,0
37.105487528,0
37.128707483,0.0796517
37.151927438,0.138843
37.175147392,0.474633
37.198367347,0
37.221587302,0
37.244807256,0
37.268027211,0
37.291247166,0
37.314467120,0
37.337687075,0.0325241
37.360907029,0
37.384126984,0
37.407346939,0
37.430566893,0
37.453786848,0
37.477006803,0
37.500226757,0.0196733
37.523446712,0.347837
37.546666667,0.361082
37.569886621,0
37.593106576,0
37.616326531,0
37.639546485,0.0876306
37.662766440,0.234319
37.685986395,0
37.709206349,0
37.732426304,0
37.755646259,0
37.778866213,0
37.802086168,0
37.825306122,0
37.848526077,0
37.871746032,0
37.894965986,0
37.918185941,0.084971
37.941405896,0.108609
37.964625850,0
37.987845805,0
38.011065760,0
38.034285714,0
38.057505669,0
38.080725624,0
38.103945578,0.110398
38.127165533,0
38.150385488,0
38.173605442,0.48733
38.196825397,1.31137
38.220045351,0
38.243265306,0
38.266485261,0
38.289705215,0
38.312925170,0
38.336145125,0
38.359365079,0
38.382585034,0
38.405804989,0
38.429024943,0
38.452244898,0
38.475464853,0
38.498684807,0
38.521904762,0
38.545124717,0
38.568344671,0
38.591564626,0
38.614784580,0
38.638004535,0
38.661224490,0.0753664
38.684444444,0
38.707664399,0
38.730884354,0
38.754104308,0
38.777324263,0
38.800544218,0
38.823764172,0
38.846984127,0.219279
38.870204082,1.68085
38.893424036,0.079899
38.916643991,0
38.939863946,0
38.963083900,0
38.986303855,0
39.009523810,0.00481133
39.032743764,0
39.055963719,0
39.079183673,0
39.102403628,0
39.125623583,0
39.148843537,0
39.172063492,0.117228
39.195283447,0
39.218503401,0
39.241723356,0
39.264943311,0
39.288163265,0
39.311383220,0
39.334603175,0
39.357823129,1.51789
39.381043084,0.273486
39.404263039,0
39.427482993,0
39.450702948,0
39.473922902,0
39.497142857,0
39.520362812,0.183439
39.543582766,0.450415
39.566802721,0
39.590022676,0
39.613242630,0
39.636462585,0
39.659682540,0
39.682902494,0
39.706122449,0
39.729342404,0
39.752562358,0
39.775782313,0
39.799002268,0
39.822222222,0
39.845442177,0
39.868662132,0.057035
39.891882086,0.0112339
39.915102041,0
39.938321995,0
39.961541950,0
39.984761905,0
40.007981859,0
40.031201814,0.029684
40.054421769,0
40.077641723,0
40.100861678,0
40.124081633,0
40.147301587,0
40.170521542,0
40.193741497,0.373947
40.216961451,1.06399
40.240181406,0
40.263401361,0
40.286621315,0
40.309841270,0
40.333061224,0
40.356281179,0
40.379501134,0
40.402721088,0
40.425941043,0
40.449160998,0
40.472380952,0.216139
40.495600907,0.134468
40.518820862,0.170797
40.542040816,0
40.565260771,0
40.588480726,0
40.611700680,0
40.634920635,0
40.658140590,0
40.681360544,0
40.704580499,0
40.727800454,0
40.751020408,0
40.774240363,0
40.797460317,0
40.820680272,0.0486543
40.843900227,0.618669
40.867120181,1.10202
40.890340136,0
40.913560091,0
40.936780045,0
40.960000000,0
40.983219955,0
41.006439909,0
41.029659864,0.0378078
41.052879819,0
41.076099773,0
41.099319728,0
41.122539683,0
41.145759637,0.0554437
41.168979592,0.0731819
41.192199546,0.0295834
41.215419501,0
41.238639456,0
41.261859410,0
41.285079365,0
41.308299320,0
41.331519274,0.0563686
41.354739229,0.0873733
41.377959184,0
41.401179138,0
41.424399093,0
41.447619048,0
41.470839002,0
41.494058957,0
41.517278912,0
41.540498866,0.468845
41.563718821,0.118734
41.586938776,0
41.610158730,0
41.633378685,0
41.656598639,0
41.679818594,0
41.703038549,0.0348281
41.726258503,0.00499237
41.749478458,0
41.772698413,0
41.795918367,0.0196897
41.819138322,0
41.842358277,0.0320412
41.865578231,0.00993314
41.888798186,0
41.912018141,0
41.935238095,0
41.958458050,0
41.981678005,0
42.004897959,0.0696655
42.028117914,0.171017
42.051337868,0.00506967
42.074557823,0
42.097777778,0
42.120997732,0
42.144217687,0
42.167437642,0
42.190657596,0.135039
42.213877551,0.587454
42.237097506,0
42.260317460,0
42.283537415,0
42.306757370,0
42.329977324,0.0522035
42.353197279,0.139796
42.376417234,0
42.399637188,0
42.422857143,0
42.446077098,0
42.469297052,0
42.492517007,0
42.515736961,0.0146526
42.538956916,0.241345
42.562176871,0.0641555
42.585396825,0
42.608616780,0
42.631836735,0
42.655056689,0
42.678276644,0.00670166
42.701496599,0.172669
42.724716553,0.0291818
42.747936508,0
42.771156463,0
42.794376417,0
42.817596372,0.0359081
42.840816327,0
42.864036281,0
42.887256236,0.397515
42.910476190,0.35789
42.933696145,0
42.956916100,0
42.980136054,0
43.003356009,0
43.026575964,0
43.049795918,0.0445312
43.073015873,0
43.096235828,0
43.119455782,0
43.142675737,0
43.165895692,0
43.189115646,0
43.212335601,0.223455
43.235555556,0
43.258775510,0
43.281995465,0
43.305215420,0
43.328435374,0
43.351655329,0
43.374875283,0.299014
43.398095238,0.0852097
43.421315193,0
43.444535147,0
43.467755102,0
43.490975057,0
43.514195011,0
43.537414966,0
43.560634921,0.563109
43.583854875,1.00048
43.607074830,0
43.630294785,0
43.653514739,0
43.676734694,0
43.699954649,0
43.723174603,0
43.746394558,0
43.769614512,0
43.792834467,0
43.816054422,0
43.839274376,0
43.862494331,0
43.885714286,0.0921637
43.908934240,0.0829725
43.932154195,0
43.955374150,0
43.978594104,0
44.001814059,0
44.025034014,0
44.048253968,0.138954
44.071473923,0.05423
44.094693878,0
44.117913832,0
44.141133787,0
44.164353741,0
44.187573696,0
44.210793651,0
44.234013605,0.337413
44.257233560,0.755483
44.280453515,0
44.303673469,0
44.326893424,0
44.350113379,0
44.373333333,0
44.396553288,0
44.419773243,0
44.442993197,0
44.466213152,0
44.489433107,0
44.512653061,0
44.535873016,0
44.559092971,0.209613
44.582312925,0.385299
44.605532880,0
44.628752834,0
44.651972789,0
44.675192744,0
44.698412698,0
44.721632653,0
44.744852608,0.100999
44.768072562,0.234229
44.791292517,0
44.814512472,0
44.837732426,0
44.860952381,0
44.884172336,0
44.907392290,0
44.930612245,0.714187
44.953832200,1.06122
44.977052154,0
45.000272109,0
45.023492063,0
45.046712018,0
45.069931973,0
45.093151927,0
45.116371882,0.050256
45.139591837,0
45.162811791,0
45.186031746,0
45.209251701,0
45.232471655,0.103467
45.255691610,0.210731
45.278911565,0.0556311
45.302131519,0
45.325351474,0
45.348571429,0
45.371791383,0
45.395011338,0
45.418231293,0.0199749
45.441451247,0
45.464671202,0
45.487891156,0.00394723
45.511111111,0.600507
45.534331066,0
45.557551020,0
45.580770975,0.0257491
45.603990930,0.101584
45.627210884,0.272276
45.650430839,0
45.673650794,0
45.696870748,0
45.720090703,0
45.743310658,0
45.766530612,0
45.789750567,0
45.812970522,0
45.836190476,0
45.859410431,0
45.882630385,0.113232
45.905850340,0
45.929070295,0
45.952290249,0
45.975510204,0
45.998730159,0
46.021950113,0
46.045170068,0
46.068390023,0.0321686
46.091609977,0
46.114829932,0
46.138049887,0
46.161269841,0
46.184489796,0
46.207709751,0
46.230929705,0
46.254149660,0.749836
46.277369615,1.18593
46.300589569,0
46.323809524,0
46.347029478,0
46.370249433,0
46.393469388,0
46.416689342,0
46.439909297,0.0225431
46.463129252,0
46.486349206,0
46.509569161,0
46.532789116,0
46.556009070,0
46.579229025,0
46.602448980,0
46.625668934,0
46.648888889,0
46.672108844,0
46.695328798,0
46.718548753,0
46.741768707,0
46.764988662,0.0195329
46.788208617,0
46.811428571,0
46.834648526,0
46.857868481,0
46.881088435,0
46.904308390,0
46.927528345,0.209825
46.950748299,1.31396
46.973968254,0
46.997188209,0
47.020408163,0
47.043628118,0
47.066848073,0
47.090068027,0
47.113287982,0
47.136507937,0.060533
47.159727891,0
47.182947846,0
47.206167800,0
47.229387755,0
47.252607710,0.184161
47.275827664,0.128918
47.299047619,0
47.322267574,0
47.345487528,0
47.368707483,0
47.391927438,0
47.415147392,0
47.438367347,0.143672
47.461587302,0.0389606
47.484807256,0
47.508027211,0
47.531247166,0
47.554467120,0
47.577687075,0
47.600907029,0.571114
47.624126984,1.43462
47.647346939,0
47.670566893,0
47.693786848,0
47.717006803,0
47.740226757,0
47.763446712,0
47.786666667,0
47.809886621,0
47.833106576,0
47.856326531,0
47.879546485,0
47.902766440,0
47.925986395,0
47.949206349,0
47.972426304,0
47.995646259,0.0121585
48.018866213,0.0225415
48.042086168,0
48.065306122,0
48.088526077,0
48.111746032,0.267811
48.134965986,0
48.158185941,0
48.181405896,0
48.204625850,0
48.227845805,0
48.251065760,0
48.274285714,0.0917258
48.297505669,0.940289
48.320725624,0.137354
48.343945578,0
48.367165533,0
48.390385488,0
48.413605442,0
48.436825397,0
48.460045351,0
48.483265306,0
48.506485261,0
48.529705215,0
48.552925170,0
48.576145125,0
48.599365079,0
48.622585034,0
48.645804989,0
48.669024943,0.0996416
48.692244898,0.0113067
48.715464853,0
48.738684807,0
48.761904762,0
48.785124717,0
48.808344671,0
48.831564626,0
48.854784580,0
48.878004535,0
48.901224490,0
48.924444444,0
48.947664399,0.626297
48.970884354,1.34389
48.994104308,0
49.017324263,0
49.040544218,0
49.063764172,0
49.086984127,0
49.110204082,0
49.133424036,0
49.156643991,0
49.179863946,0
49.203083900,0
49.226303855,0
49.249523810,0.214133
49.272743764,0.318887
49.295963719,0.197501
49.319183673,0
49.342403628,0
49.365623583,0
49.388843537,0
49.412063492,0
49.435283447,0.0844271
49.458503401,0
49.481723356,0
49.504943311,0
49.528163265,0
49.551383220,0
49.574603175,0
49.597823129,0
49.621043084,0.020402
49.644263039,0.660094
49.667482993,0.0136621
49.690702948,0
49.713922902,0
49.737142857,0
49.760362812,0
49.783582766,0
49.806802721,0.0356847
49.830022676,0.0349703
49.853242630,0
49.876462585,0
49.899682540,0
49.922902494,0.0870964
49.946122449,0.381707
49.969342404,0
49.992562358,0.0173235
50.015782313,0
50.039002268,0
50.062222222,0
50.085442177,0
50.108662132,0
50.131882086,0.00119483
50.155102041,0
50.178321995,0
50.201541950,0
50.224761905,0
50.247981859,0
50.271201814,0
50.294421769,0
50.317641723,0.572405
50.340861678,0.548356
50.364081633,0
50.387301587,0
50.410521542,0
50.433741497,0
50.456961451,0
50.480181406,0.0143163
50.503401361,0
50.526621315,0
50.549841270,0
50.573061224,0.0399658
50.596281179,0.371342
50.619501134,0
50.642721088,0
50.665941043,0.218809
50.689160998,0.017918
50.712380952,0
50.735600907,0
50.758820862,0
50.782040816,0
50.805260771,0.0194724
50.828480726,0
50.851700680,0
50.874920635,0
50.898140590,0
50.921360544,0
50.944580499,0
50.967800454,0
50.991020408,0.239999
51.014240363,0.904285
51.037460317,0.280735
51.060680272,0
51.083900227,0
51.107120181,0
51.130340136,0.0608919
51.153560091,0.0579864
51.176780045,0
51.200000000,0
51.223219955,0
51.246439909,0
51.269659864,0
51.292879819,0
51.316099773,0
51.339319728,0
51.362539683,0
51.385759637,0
51.408979592,0
51.432199546,0
51.455419501,0
51.478639456,0
51.501859410,0
51.525079365,0
51.548299320,0
51.571519274,0
51.594739229,0.0030351
51.617959184,0
51.641179138,0
51.664399093,0.715578
51.687619048,1.10791
51.710839002,0
51.734058957,0
51.757278912,0
51.780498866,0
51.803718821,0
51.826938776,0
51.850158730,0.0238704
51.873378685,0.00501908
51.896598639,0
51.919818594,0
51.943038549,0
51.966258503,0
51.989478458,0
52.012698413,0.148995
52.035918367,0
52.059138322,0
52.082358277,0
52.105578231,0
52.128798186,0
52.152018141,0.438228
52.175238095,0.0710824
52.198458050,0.00305459
52.221678005,0
52.244897959,0
52.268117914,0
52.291337868,0
52.314557823,0
52.337777778,0.0560047
52.360997732,0.162477
52.384217687,0.0994774
52.407437642,0
52.430657596,0
52.453877551,0
52.477097506,0
52.500317460,0
52.523537415,0.0256084
52.546757370,0.0651495
52.569977324,0
52.593197279,0
52.616417234,0
52.639637188,0
52.662857143,0
52.686077098,0.0604806
52.709297052,0.00245022
52.732517007,0
52.755736961,0
52.778956916,0
52.802176871,0
52.825396825,0
52.848616780,0.0657474
52.871836735,0.129158
52.895056689,0
52.918276644,0
52.941496599,0
52.964716553,0
52.987936508,0
53.011156463,0
53.034376417,0.127272
53.057596372,0.586105
53.080816327,0.068949
53.104036281,0
53.127256236,0
53.150476190,0
53.173696145,0
53.196916100,0
53.220136054,0.0596796
53.243356009,0
53.266575964,0
53.289795918,0
53.313015873,0
53.336235828,0
53.359455782,0.127977
53.382675737,0.495481
53.405895692,0
53.429115646,0
53.452335601,0
53.475555556,0.0470171
53.498775510,0.0320955
53.521995465,0
53.545215420,0
53.568435374,0
53.591655329,0
53.614875283,0
53.638095238,0
53.661315193,0
53.684535147,0
53.707755102,0.457457
53.730975057,0.607587
53.754195011,0.00323233
53.777414966,0
53.800634921,0
53.823854875,0
53.847074830,0
53.870294785,0
53.893514739,0.0807502
53.916734694,0.0339429
53.939954649,0
53.963174603,0
53.986394558,0
54.009614512,0
54.032834467,0
54.056054422,0.0478488
54.079274376,0
54.102494331,0
54.125714286,0
54.148934240,0.0857432
54.172154195,0.118837
54.195374150,0.0877746
54.218594104,0.0843321
54.241814059,0
54.265034014,0
54.288253968,0
54.311473923,0
54.334693878,0
54.357913832,0
54.381133787,0.509606
54.404353741,0.741186
54.427573696,0
54.450793651,0
54.474013605,0
54.497233560,0
54.520453515,0
54.543673469,0
54.566893424,0
54.590113379,0
54.613333333,0
54.636553288,0
54.659773243,0
54.682993197,0
54.706213152,0
54.729433107,0.119256
54.752653061,0.0861294
54.775873016,0
54.799092971,0
54.822312925,0
54.845532880,0
54.868752834,0.0706521
54.891972789,0.180297
54.915192744,0
54.938412698,0
54.961632653,0
54.984852608,0
55.008072562,0.00159962
55.031292517,0.0597544
55.054512472,0.416291
55.077732426,0.317673
55.100952381,0
55.124172336,0
55.147392290,0
55.170612245,0
55.193832200,0.0706231
55.217052154,0
55.240272109,0
55.263492063,0
55.286712018,0
55.309931973,0
55.333151927,0.16017
55.356371882,0
55.379591837,0
55.402811791,0
55.426031746,0
55.449251701,0
55.472471655,0
55.495691610,0
55.518911565,0
55.542131519,0
55.565351474,0
55.588571429,0
55.611791383,0
55.635011338,0
55.658231293,0
55.681451247,0
55.704671202,0.429884
55.727891156,0.805751
55.751111111,0
55.774331066,0
55.797551020,0
55.820770975,0
55.843990930,0
55.867210884,0
55.890430839,0
55.913650794,0
55.936870748,0
55.960090703,0
55.983310658,0
56.006530612,0
56.029750567,0.552521
56.052970522,0.498507
56.076190476,0
56.099410431,0
56.122630385,0
56.145850340,0
56.169070295,0
56.192290249,0
56.215510204,0
56.238730159,0
56.261950113,0
56.285170068,0
56.308390023,0
56.331609977,0
56.354829932,0
56.378049887,0
56.401269841,5.3134
56.424489796,1.83331
56.447709751,0
56.470929705,0
56.494149660,0
56.517369615,0
56.540589569,0
56.563809524,0
56.587029478,0
56.610249433,0
56.633469388,0
56.656689342,0
56.679909297,0
56.703129252,0
56.726349206,0
56.749569161,0.176615
56.772789116,0
56.796009070,0
56.819229025,0
56.842448980,0
56.865668934,0
56.888888889,0
56.912108844,0
56.935328798,0
56.958548753,0
56.981768707,0
57.004988662,0
57.028208617,0
57.051428571,0.044093
57.074648526,1.0351
57.097868481,1.22756
57.121088435,0
57.144308390,0
57.167528345,0
57.190748299,0
57.213968254,0
57.237188209,0.691872
57.260408163,0.196306
57.283628118,0
57.306848073,0
57.330068027,0
57.353287982,0
57.376507937,0
57.399727891,0.0237744
57.422947846,0
57.446167800,0
57.469387755,0
57.492607710,0
57.515827664,0
57.539047619,0
57.562267574,0
57.585487528,0
57.608707483,0
57.631927438,0
57.655147392,0
57.678367347,0
57.701587302,0
57.724807256,0.0384025
57.748027211,5.40135
57.771247166,1.26763
57.794467120,0
57.817687075,0
57.840907029,0
57.864126984,0
57.887346939,0
57.910566893,0
57.933786848,0.284496
57.957006803,0.579444
57.980226757,0
58.003446712,0
58.026666667,0
58.049886621,0
58.073106576,0
58.096326531,0
58.119546485,0
58.142766440,0
58.165986395,0
58.189206349,0
58.212426304,0
58.235646259,0
58.258866213,0
58.282086168,0
58.305306122,0
58.328526077,0
58.351746032,0
58.374965986,0
58.398185941,1.7909
58.421405896,5.25989
58.444625850,0
58.467845805,0
58.491065760,0
58.514285714,0
58.537505669,0
58.560725624,0
58.583945578,0.0150557
58.607165533,0
58.630385488,0
58.653605442,0
58.676825397,0
58.700045351,0
58.723265306,0
58.746485261,0.490669
58.769705215,0.0444693
58.792925170,0
58.816145125,0
58.839365079,0
58.862585034,0
58.885804989,0
58.909024943,0
58.932244898,0
58.955464853,0
58.978684807,0
59.001904762,0
59.025124717,0
59.048344671,0.0650989
59.071564626,0.332228
59.094784580,2.74109
59.118004535,0.840913
59.141224490,0
59.164444444,0
59.187664399,0
59.210884354,0
59.234104308,0
59.257324263,0
59.280544218,0
59.303764172,0
59.326984127,0
59.350204082,0
59.373424036,0
59.396643991,0
59.419863946,0.273142
59.443083900,0
59.466303855,0
59.489523810,0
59.512743764,0
59.535963719,0
59.559183673,0
59.582403628,0
59.605623583,0
59.628843537,0
59.652063492,0
59.675283447,0
59.698503401,0
59.721723356,0
59.744943311,0
59.768163265,1.054
59.791383220,2.40527
59.814603175,0
59.837823129,0
59.861043084,0
59.884263039,0
59.907482993,0
59.930702948,0
59.953922902,0
59.977142857,0
60.000362812,0
60.023582766,0
60.046802721,0
60.070022676,0
60.093242630,0
60.116462585,1.21895
60.139682540,0
60.162902494,0
60.186122449,0
60.209342404,0
60.232562358,0
60.255782313,0
60.279002268,0
60.302222222,0
60.325442177,0
60.348662132,0
60.371882086,0
60.395102041,0
60.418321995,0
60.441541950,2.05918
60.464761905,3.6869
60.487981859,0.0397708
60.511201814,0
60.534421769,0
60.557641723,0
60.580861678,0
60.604081633,0
60.627301587,0
60.650521542,0
60.673741497,0
60.696961451,0
60.720181406,0
60.743401361,0
60.766621315,0
60.789841270,0.489504
60.813061224,0
60.836281179,0
60.859501134,0
60.882721088,0
60.905941043,0
60.929160998,0
60.952380952,0
60.975600907,0
60.998820862,0
61.022040816,0
61.045260771,0
61.068480726,0
61.091700680,0
61.114920635,0.772517
61.138140590,1.66704
61.161360544,0
61.184580499,0
61.207800454,0
61.231020408,0
61.254240363,0
61.277460317,0
61.300680272,0
61.323900227,0
61.347120181,0
61.370340136,0
61.393560091,0
61.416780045,0
61.440000000,0
61.463219955,0
61.486439909,0
61.509659864,0
61.532879819,0
61.556099773,0
61.579319728,0
61.602539683,0
61.625759637,0
61.648979592,0
61.672199546,0
61.695419501,0
61.718639456,0
61.741859410,0
61.765079365,0
61.788299320,0.42368
61.811519274,7.02969
61.834739229,1.62352
61.857959184,0
61.881179138,0
61.904399093,0
61.927619048,0
61.950839002,0
61.974058957,0
61.997278912,0
62.020498866,0
62.043718821,0
62.066938776,0
62.090158730,0.347129
62.113378685,0.782166
62.136598639,0
62.159818594,0
62.183038549,0
62.206258503,0
62.229478458,0
62.252698413,0
62.275918367,0
62.299138322,0
62.322358277,0
62.345578231,0
62.368798186,0
62.392018141,0
62.415238095,0
62.438458050,0
62.461678005,0
62.484897959,2.95766
62.508117914,0.542533
62.531337868,0
62.554557823,0
62.577777778,0
62.600997732,0
62.624217687,0.327624
62.647437642,0.919577
62.670657596,0.0404
62.693877551,0
62.717097506,0
62.740317460,0
62.763537415,0
62.786757370,0
62.809977324,0
62.833197279,0
62.856417234,0
62.879637188,0
62.902857143,0
62.926077098,0
62.949297052,0
62.972517007,0
62.995736961,0
63.018956916,0
63.042176871,0
63.065396825,0
63.088616780,0
63.111836735,0
63.135056689,0.284714
63.158276644,5.80391
63.181496599,0.587604
63.204716553,0
63.227936508,0
63.251156463,0
63.274376417,0
63.297596372,0
63.320816327,0
63.344036281,0
63.367256236,0
63.390476190,0
63.413696145,0
63.436916100,0
63.460136054,0.149159
63.483356009,0.136844
63.506575964,0
63.529795918,0
63.553015873,0
63.576235828,0
63.599455782,0
63.622675737,0
63.645895692,0
63.669115646,0
63.692335601,0
63.715555556,0
63.738775510,0
63.761995465,0
63.785215420,0
63.808435374,0
63.831655329,2.38218
63.854875283,0.755322
63.878095238,0
63.901315193,0
63.924535147,0
63.947755102,0
63.970975057,0
63.994195011,0
64.017414966,0
64.040634921,0
64.063854875,0
64.087074830,0
64.110294785,0.0125409
64.133514739,0.663567
64.156734694,0.0348439
64.179954649,0
64.203174603,0
64.226394558,0
64.249614512,0
64.272834467,0
64.296054422,0
64.319274376,0
64.342494331,0
64.365714286,0
64.388934240,0
64.412154195,0
64.435374150,0
64.458594104,0
64.481814059,0
64.505034014,1.10313
64.528253968,3.46958
64.551473923,0.0473804
64.574693878,0
64.597913832,0
64.621133787,0
64.644353741,0
64.667573696,0
64.690793651,0
64.714013605,0
64.737233560,0
64.760453515,0
64.783673469,0
64.806893424,0
64.830113379,0
64.853333333,0.019848
64.876553288,0
64.899773243,0
64.922993197,0
64.946213152,0
64.969433107,0
64.992653061,0
65.015873016,0
65.039092971,0
65.062312925,0
65.085532880,0
65.108752834,0
65.131972789,0
65.155192744,0
65.178412698,0
65.201632653,2.20781
65.224852608,1.7205
65.248072562,0
65.271292517,0
65.294512472,0
65.317732426,0
65.340952381,0.232636
65.364172336,0.121648
65.387392290,0
65.410612245,0
65.433832200,0
65.457052154,0
65.480272109,0
65.503492063,0
65.526712018,0
65.549931973,0
65.573151927,0
65.596371882,0
65.619591837,0
65.642811791,0
65.666031746,0
65.689251701,0
65.712471655,0
65.735691610,0
65.758911565,0
65.782131519,0
65.805351474,0
65.828571429,0
65.851791383,0
65.875011338,0
65.898231293,6.6107
65.921451247,1.67663
65.944671202,0
65.967891156,0
65.991111111,0
66.014331066,0
66.037551020,0
66.060770975,0
66.083990930,0
66.107210884,0
66.130430839,0
66.153650794,0
66.176870748,0
66.200090703,0
66.223310658,1.83691
66.246530612,0.706377
66.269750567,0
66.292970522,0
66.316190476,0
66.339410431,0
66.362630385,0
66.385850340,0
66.409070295,0
66.432290249,0
66.455510204,0
66.478730159,0
66.501950113,0
66.525170068,0.0738
66.548390023,0.0450763
66.571609977,0.915652
66.594829932,0.675843
66.618049887,0
66.641269841,0
66.664489796,0
66.687709751,0
66.710929705,0
66.734149660,0
66.757369615,0
66.780589569,0
66.803809524,0
66.827029478,0
66.850249433,0
66.873469388,0.00129898
66.896689342,0
66.919909297,0.0288444
66.943129252,0
66.966349206,0
66.989569161,0
67.012789116,0
67.036009070,0
67.059229025,0
67.082448980,0
67.105668934,0
67.128888889,0
67.152108844,0
67.175328798,0
67.198548753,0.00578839
67.221768707,0.489735
67.244988662,0.692112
67.268208617,0.0840328
67.291428571,0
67.314648526,0
67.337868481,0
67.361088435,0
67.384308390,0
67.407528345,0
67.430748299,0
67.453968254,0
67.477188209,0
67.500408163,0
67.523628118,0.068633
67.546848073,0.210631
67.570068027,0
67.593287982,0
67.616507937,0
67.639727891,0
67.662947846,0
67.686167800,0
67.709387755,0
67.732607710,0
67.755827664,0
67.779047619,0.06962
67.802267574,0
67.825487528,0
67.848707483,0
67.871927438,0
67.895147392,0.487357
67.918367347,1.11329
67.941587302,0
67.964807256,0
67.988027211,0
68.011247166,0
68.034467120,0
68.057687075,0
68.080907029,0
68.104126984,0.0195237
68.127346939,0
68.150566893,0
68.173786848,0
68.197006803,0.0301568
68.220226757,0
68.243446712,0
68.266666667,0
68.289886621,0
68.313106576,0
68.336326531,0
68.359546485,0
68.382766440,0
68.405986395,0.0504602
68.429206349,0
68.452426304,0
68.475646259,0
68.498866213,0
68.522086168,0
68.545306122,0
68.568526077,0.331315
68.591746032,1.13911
68.614965986,0
68.638185941,0
68.661405896,0
68.684625850,0
68.707845805,0
68.731065760,0
68.754285714,0.175347
68.777505669,0
68.800725624,0
68.823945578,0
68.847165533,0
68.870385488,0
68.893605442,0.111151
68.916825397,0.164314
68.940045351,0
68.963265306,0
68.986485261,0
69.009705215,0
69.032925170,0
69.056145125,0.0900828
69.079365079,0.0498542
69.102585034,0
69.125804989,0
69.149024943,0
69.172244898,0
69.195464853,0.0273936
69.218684807,0
69.241904762,0.279879
69.265124717,0.344446
69.288344671,0
69.311564626,0
69.334784580,0
69.358004535,0
69.381224490,0
69.404444444,0
69.427664399,0
69.450884354,0
69.474104308,0
69.497324263,0
69.520544218,0.0324697
69.543764172,0.596574
69.566984127,0.35188
69.590204082,0.00307391
69.613424036,0
69.636643991,0
69.659863946,0
69.683083900,0
69.706303855,0
69.729523810,0
69.752743764,0.0459838
69.775963719,0
69.799183673,0
69.822403628,0
69.845623583,0.0530618
69.868843537,0
69.892063492,0
69.915283447,0.122237
69.938503401,0.654231
69.961723356,0.148881
69.984943311,0
70.008163265,0
70.031383220,0
70.054603175,0
70.077823129,0
70.101043084,0
70.124263039,0
70.147482993,0
70.170702948,0
70.193922902,0
70.217142857,0
70.240362812,0
70.263582766,0
70.286802721,0
70.310022676,0
70.333242630,0.0532952
70.356462585,0
70.379682540,0
70.402902494,0
70.426122449,0
70.449342404,0
70.472562358,0
70.495782313,0
70.519002268,0
70.542222222,0
70.565442177,0
70.588662132,0.960005
70.611882086,1.11098
70.635102041,0
70.658321995,0
70.681541950,0
70.704761905,0
70.727981859,0
70.751201814,0
70.774421769,0
70.797641723,0.0320149
70.820861678,0
70.844081633,0
70.867301587,0
70.890521542,0
70.913741497,0.00489337
70.936961451,0
70.960181406,0
70.983401361,0
71.006621315,0
71.029841270,0
71.053061224,0
71.076281179,0.0403424
71.099501134,0.00334872
71.122721088,0
71.145941043,0
71.169160998,0
71.192380952,0
71.215600907,0
71.238820862,0
71.262040816,0.273086
71.285260771,0.62109
71.308480726,0
71.331700680,0
71.354920635,0
71.378140590,0
71.401360544,0
71.424580499,0
71.447800454,0
71.471020408,0
71.494240363,0
71.517460317,0
71.540680272,0
71.563900227,0
71.587120181,0.21364
71.610340136,0.118507
71.633560091,0
71.656780045,0
71.680000000,0
71.703219955,0
71.726439909,0
71.749659864,0.0768626
71.772879819,0.183166
71.796099773,0
71.819319728,0
71.842539683,0
71.865759637,0
71.888979592,0
71.912199546,0
71.935419501,0.700547
71.958639456,0.734891
71.981859410,0
72.005079365,0
72.028299320,0
72.051519274,0
72.074739229,0
72.097959184,0
72.121179138,0
72.144399093,0
72.167619048,0
72.190839002,0
72.214058957,0
72.237278912,0
72.260498866,0.32143
72.283718821,0.172048
72.306938776,0
72.330158730,0
72.353378685,0
72.376598639,0
72.399818594,0
72.423038549,0.0652979
72.446258503,0
72.469478458,0
72.492698413,0
72.515918367,0
72.539138322,0.0238167
72.562358277,0.0904043
72.585578231,0
72.608798186,0.428747
72.632018141,0.406415
72.655238095,0
72.678458050,0
72.701678005,0
72.724897959,0
72.748117914,0
72.771337868,0
72.794557823,0
72.817777778,0
72.840997732,0
72.864217687,0
72.887437642,0
72.910657596,0.0887975
72.933877551,0
72.957097506,0
72.980317460,0
73.003537415,0.00886106
73.026757370,0
73.049977324,0
73.073197279,0
73.096417234,0
73.119637188,0
73.142857143,0
73.166077098,0
73.189297052,0
73.212517007,0.0425348
73.235736961,0
73.258956916,0.271033
73.282176871,0.914501
73.305396825,0
73.328616780,0
73.351836735,0
73.375056689,0
73.398276644,0
73.421496599,0
73.444716553,0
73.467936508,0
73.491156463,0
73.514376417,0
73.537596372,0
73.560816327,0.0709334
73.584036281,0.288209
73.607256236,0.0763698
73.630476190,0
73.653696145,0
73.676916100,0
73.700136054,0
73.723356009,0.0169846
73.746575964,0.230761
73.769795918,0.193284
73.793015873,0
73.816235828,0
73.839455782,0
73.862675737,0
73.885895692,0
73.909115646,0.00990781
73.932335601,0.196309
73.955555556,0.344531
73.978775510,0
74.001995465,0
74.025215420,0
74.048435374,0
74.071655329,0
74.094875283,0
74.118095238,0
74.141315193,0
74.164535147,0
74.187755102,0
74.210975057,0
74.234195011,0.00876373
74.257414966,0.140859
74.280634921,0.0313261
74.303854875,0
74.327074830,0
74.350294785,0
74.373514739,0
74.396734694,0
74.419954649,0.176121
74.443174603,0.225644
74.466394558,0
74.489614512,0
74.512834467,0
74.536054422,0
74.559274376,0
74.582494331,0
74.605714286,0
74.628934240,0.34714
74.652154195,0.304319
74.675374150,0
74.698594104,0
74.721814059,0
74.745034014,0
74.768253968,0
74.791473923,0
74.814693878,0.040889
74.837913832,0
74.861133787,0
74.884353741,0
74.907573696,0
74.930793651,0
74.954013605,0
74.977233560,0
75.000453515,0
75.023673469,0
75.046893424,0
75.070113379,0
75.093333333,0
75.116553288,0.145777
75.139773243,0.0288345
75.162993197,0
75.186213152,0
75.209433107,0
75.232653061,0
75.255873016,0
75.279092971,0
75.302312925,1.08691
75.325532880,0.810898
75.348752834,0
75.371972789,0
75.395192744,0
75.418412698,0
75.441632653,0
75.464852608,0
75.488072562,0.0260271
75.511292517,0
75.534512472,0
75.557732426,0
75.580952381,0
75.604172336,0.0700944
75.627392290,0
75.650612245,0
75.673832200,0.00592411
75.697052154,0
75.720272109,0
75.743492063,0
75.766712018,0
75.789931973,0
75.813151927,0.0217565
75.836371882,0
75.859591837,0
75.882811791,0
75.906031746,0
75.929251701,0
75.952471655,0
75.975691610,0.222217
75.998911565,1.71048
76.022131519,0.0314779
76.045351474,0
76.068571429,0
76.091791383,0
76.115011338,0
76.138231293,0
76.161451247,0
76.184671202,0.0515969
76.207891156,0
76.231111111,0
76.254331066,0
76.277551020,0
76.300770975,0.0481769
76.323990930,0.137353
76.347210884,0
76.370430839,0
76.393650794,0
76.416870748,0
76.440090703,0
76.463310658,0.0869288
76.486530612,0.0973495
76.509750567,0
76.532970522,0
76.556190476,0
76.579410431,0
76.602630385,0
76.625850340,0
76.649070295,0.139149
76.672290249,0.33759
76.695510204,0
76.718730159,0
76.741950113,0
76.765170068,0
76.788390023,0
76.811609977,0
76.834829932,0.0490485
76.858049887,0.050063
76.881269841,0
76.904489796,0
76.927709751,0
76.950929705,0
76.974149660,0.0566952
76.997369615,0.00480322
77.020589569,0
77.043809524,0
77.067029478,0.00944295
77.090249433,0
77.113469388,0
77.136689342,0
77.159909297,0.013728
77.183129252,0.180743
77.206349206,0.0590932
77.229569161,0
77.252789116,0
77.276009070,0
77.299229025,0
77.322448980,0
77.345668934,0
77.368888889,0.655002
77.392108844,0.288523
77.415328798,0
77.438548753,0
77.461768707,0
77.484988662,0
77.508208617,0.0548922
77.531428571,0.185397
77.554648526,0
77.577868481,0
77.601088435,0
77.624308390,0.0490286
77.647528345,0
77.670748299,0
77.693968254,0.106735
77.717188209,0.0732357
77.740408163,0
77.763628118,0
77.786848073,0
77.810068027,0
77.833287982,0
77.856507937,0
77.879727891,0.246424
77.902947846,0.0173657
77.926167800,0.00700921
77.949387755,0
77.972607710,0
77.995827664,0
78.019047619,0
78.042267574,0.00294351
78.065487528,0.122435
78.088707483,0.207477
78.111927438,0
78.135147392,0
78.158367347,0
78.181587302,0
78.204807256,0.0677724
78.228027211,0.023295
78.251247166,0
78.274467120,0
78.297687075,0.0425999
78.320907029,0
78.344126984,0
78.367346939,0
78.390566893,0
78.413786848,0
78.437006803,0
78.460226757,0
78.483446712,0.0118642
78.506666667,0
78.529886621,0
78.553106576,0
78.576326531,0
78.599546485,0
78.622766440,0
78.645986395,0
78.669206349,0
78.692426304,0
78.715646259,0.157868
78.738866213,1.19458
78.762086168,0.314079
78.785306122,0
78.808526077,0
78.831746032,0
78.854965986,0
78.878185941,0
78.901405896,0
78.924625850,0
78.947845805,0
78.971065760,0
78.994285714,0
79.017505669,0
79.040725624,0.0242787
79.063945578,0.37973
79.087165533,0.274069
79.110385488,0
79.133605442,0
79.156825397,0
79.180045351,0
79.203265306,0
79.226485261,0
79.249705215,0
79.272925170,0
79.296145125,0
79.319365079,0
79.342585034,0
79.365804989,0
79.389024943,0
79.412244898,0.453777
79.435464853,0.707106
79.458684807,0.096631
79.481904762,0
79.505124717,0
79.528344671,0
79.551564626,0.0584494
79.574784580,0.134082
79.598004535,0
79.621224490,0
79.644444444,0
79.667664399,0
79.690884354,0
79.714104308,0
79.737324263,0.311754
79.760544218,0.179201
79.783764172,0
79.806984127,0
79.830204082,0
79.853424036,0
79.876643991,0
79.899863946,0
79.923083900,0.381175
79.946303855,0.140875
79.969523810,0
79.992743764,0
80.015963719,0.00251713
80.039183673,0
80.062403628,0
80.085623583,0
80.108843537,0.155045
80.132063492,0.260172
80.155283447,0
80.178503401,0
80.201723356,0
80.224943311,0
80.248163265,0
80.271383220,0
80.294603175,0.450306
80.317823129,0.0619692
80.341043084,0
80.364263039,0
80.387482993,0
80.410702948,0
80.433922902,0.235939
80.457142857,0.193554
80.480362812,0
80.503582766,0
80.526802721,0
80.550022676,0
80.573242630,0
80.596462585,0.0271907
80.619682540,0.0189151
80.642902494,0
80.666122449,0
80.689342404,0
80.712562358,0
80.735782313,0.0341824
80.759002268,0
80.782222222,0.185561
80.805442177,0.518679
80.828662132,0
80.851882086,0
80.875102041,0
80.898321995,0
80.921541950,0
80.944761905,0
80.967981859,0
80.991201814,0
81.014421769,0
81.037641723,0
81.060861678,0
81.084081633,0
81.107301587,0.19669
81.130521542,0.153302
81.153741497,0.0365703
81.176961451,0
81.200181406,0
81.223401361,0
81.246621315,0
81.269841270,0
81.293061224,0
81.316281179,0
81.339501134,0
81.362721088,0
81.385941043,0
81.409160998,0
81.432380952,0
81.455600907,0.90481
81.478820862,0.845813
81.502040816,0
81.525260771,0
81.548480726,0
81.571700680,0
81.594920635,0
81.618140590,0.0534902
81.641360544,0.115965
81.664580499,0
81.687800454,0
81.711020408,0
81.734240363,0
81.757460317,0.0884066
81.780680272,0.332495
81.803900227,0
81.827120181,0
81.850340136,0
81.873560091,0
81.896780045,0
81.920000000,0
81.943219955,0.0495723
81.966439909,0
81.989659864,0
82.012879819,0
82.036099773,0
82.059319728,0
82.082539683,0
82.105759637,0
82.128979592,0.697225
82.152199546,1.28906
82.175419501,0
82.198639456,0
82.221859410,0
82.245079365,0
82.268299320,0
82.291519274,0
82.314739229,0
82.337959184,0
82.361179138,0
82.384399093,0
82.407619048,0
82.430839002,0.185751
82.454058957,0.264043
82.477278912,0.0116187
82.500498866,0
82.523718821,0
82.546938776,0
82.570158730,0
82.593378685,0
82.616598639,0
82.639818594,0
82.663038549,0
82.686258503,0
82.709478458,0
82.732698413,0
82.755918367,0
82.779138322,0.164115
82.802358277,0.496615
82.825578231,0.476355
82.848798186,0
82.872018141,0
82.895238095,0
82.918458050,0
82.941678005,0
82.964897959,0.0135122
82.988117914,0.0863456
83.011337868,0
83.034557823,0
83.057777778,0
83.080997732,0
83.104217687,0.00380031
83.127437642,0.0859482
83.150657596,0
83.173877551,0
83.197097506,0
83.220317460,0
83.243537415,0
83.266757370,0
83.289977324,0.0389729
83.313197279,0
83.336417234,0
83.359637188,0
83.382857143,0
83.406077098,0
83.429297052,0
83.452517007,0
83.475736961,0.279988
83.498956916,1.1979
83.522176871,0.0282274
83.545396825,0
83.568616780,0
83.591836735,0
83.615056689,0.122002
83.638276644,0.0476586
83.661496599,0
83.684716553,0
83.707936508,0
83.731156463,0
83.754376417,0
83.777596372,0
83.800816327,0
83.824036281,0.0452541
83.847256236,0
83.870476190,0
83.893696145,0
83.916916100,0
83.940136054,0
83.963356009,0
83.986575964,0
84.009795918,0
84.033015873,0
84.056235828,0
84.079455782,0
84.102675737,0
84.125895692,0
84.149115646,0.429567
84.172335601,1.48252
84.195555556,0
84.218775510,0
84.241995465,0
84.265215420,0
84.288435374,0
84.311655329,0
84.334875283,0.128627
84.358095238,0.18668
84.381315193,0
84.404535147,0
84.427755102,0
84.450975057,0.168885
84.474195011,0.00873318
84.497414966,0
84.520634921,0
84.543854875,0
84.567074830,0
84.590294785,0
84.613514739,0
84.636734694,0.174771
84.659954649,0.388877
84.683174603,0.0287298
84.706394558,0
84.729614512,0
84.752834467,0
84.776054422,0
84.799274376,0
84.822494331,0.00158381
84.845714286,0.0546601
84.868934240,0.0483834
84.892154195,0
84.915374150,0
84.938594104,0
84.961814059,0
84.985034014,0
85.008253968,0.0994877
85.031473923,0.0450299
85.054693878,0
85.077913832,0
85.101133787,0
85.124353741,0
85.147573696,0.0107298
85.170793651,0
85.194013605,0
85.217233560,0
85.240453515,0
85.263673469,0
85.286893424,0
85.310113379,0.181645
85.333333333,0.211012
85.356553288,0
85.379773243,0
85.402993197,0
85.426213152,0.0210355
85.449433107,0
85.472653061,0
85.495873016,0
85.519092971,0.408975
85.542312925,0.368188
85.565532880,0
85.588752834,0
85.611972789,0
85.635192744,0
85.658412698,0
85.681632653,0.0647607
85.704852608,0.295462
85.728072562,0
85.751292517,0
85.774512472,0
85.797732426,0
85.820952381,0.0157945
85.844172336,0.000146754
85.867392290,0.00520144
85.890612245,0
85.913832200,0
85.937052154,0
85.960272109,0
85.983492063,0
86.006712018,0.235126
86.029931973,0.0531882
86.053151927,0
86.076371882,0
86.099591837,0
86.122811791,0
86.146031746,0
86.169251701,0
86.192471655,0.0991448
86.215691610,0.845219
86.238911565,0.0810119
86.262131519,0
86.285351474,0
86.308571429,0
86.331791383,0
86.355011338,0
86.378231293,0
86.401451247,0
86.424671202,0
86.447891156,0
86.471111111,0
86.494331066,0
86.517551020,0
86.540770975,0.391909
86.563990930,0.107554
86.587210884,0
86.610430839,0
86.633650794,0
86.656870748,0
86.680090703,0.0168479
86.703310658,0.037035
86.726530612,0
86.749750567,0
86.772970522,0
86.796190476,0
86.819410431,0
86.842630385,0
86.865850340,0
86.889070295,0.754288
86.912290249,0.488113
86.935510204,0
86.958730159,0
86.981950113,0
87.005170068,0
87.028390023,0
87.051609977,0.0156645
87.074829932,0.0810408
87.098049887,0
87.121269841,0
87.144489796,0
87.167709751,0
87.190929705,0
87.214149660,0
87.237369615,0
87.260589569,0
87.283809524,0
87.307029478,0
87.330249433,0.00250857
87.353469388,0.0622071
87.376689342,0.0424422
87.399909297,0
87.423129252,0
87.446349206,0
87.469569161,0
87.492789116,0
87.516009070,0
87.539229025,0.12183
87.562448980,0.279287
87.585668934,0.218305
87.608888889,0
87.632108844,0
87.655328798,0
87.678548753,0
87.701768707,0
87.724988662,0
87.748208617,0
87.771428571,0
87.794648526,0
87.817868481,0
87.841088435,0.0904967
87.864308390,0.193031
87.887528345,0
87.910748299,0
87.933968254,0
87.957188209,0
87.980408163,0
88.003628118,0
88.026848073,0
88.050068027,0
88.073287982,0
88.096507937,0
88.119727891,0
88.142947846,0
88.166167800,0
88.189387755,0
88.212607710,0.971166
88.235827664,1.25475
88.259047619,0
88.282267574,0
88.305487528,0
88.328707483,0
88.351927438,0
88.375147392,0
88.398367347,0
88.421587302,0
88.444807256,0
88.468027211,0
88.491247166,0
88.514467120,0
88.537687075,0.900374
88.560907029,0.739127
88.584126984,0
88.607346939,0
88.630566893,0
88.653786848,0
88.677006803,0
88.700226757,0
88.723446712,0
88.746666667,0
88.769886621,0
88.793106576,0
88.816326531,0
88.839546485,0
88.862766440,0
88.885986395,0
88.909206349,5.69501
88.932426304,2.57771
88.955646259,0
88.978866213,0
89.002086168,0
89.025306122,0
89.048526077,0
89.071746032,0
89.094965986,0
89.118185941,0
89.141405896,0
89.164625850,0
89.187845805,0
89.211065760,0
89.234285714,0
89.257505669,0.543791
89.280725624,0
89.303945578,0
89.327165533,0
89.350385488,0
89.373605442,0
89.396825397,0
89.420045351,0
89.443265306,0
89.466485261,0
89.489705215,0
89.512925170,0
89.536145125,0.297343
89.559365079,0.162349
89.582585034,0.169995
89.605804989,0.874646
89.629024943,0
89.652244898,0
89.675464853,0
89.698684807,0
89.721904762,0.0779794
89.745124717,0.671876
89.768344671,0.150363
89.791564626,0
89.814784580,0
89.838004535,0
89.861224490,0
89.884444444,0.0934283
89.907664399,0
89.930884354,0
89.954104308,0
89.977324263,0
90.000544218,0
90.023764172,0
90.046984127,0
90.070204082,0
90.093424036,0
90.116643991,0
90.139863946,0
90.163083900,0
90.186303855,0
90.209523810,0
90.232743764,0
90.255963719,2.64396
90.279183673,5.80059
90.302403628,0
90.325623583,0
90.348843537,0
90.372063492,0
90.395283447,0
90.418503401,0
90.441723356,0
90.464943311,0.271708
90.488163265,1.27525
90.511383220,0.242159
90.534603175,0
90.557823129,0
90.581043084,0
90.604263039,0
90.627482993,0
90.650702948,0
90.673922902,0
90.697142857,0
90.720362812,0
90.743582766,0
90.766802721,0
90.790022676,0
90.813242630,0
90.836462585,0
90.859682540,0
90.882902494,0
90.906122449,0
90.929342404,0.473309
90.952562358,4.80027
90.975782313,0.310845
90.999002268,0
91.022222222,0
91.045442177,0
91.068662132,0
91.091882086,0
91.115102041,0.158202
91.138321995,0
91.161541950,0
91.184761905,0
91.207981859,0
91.231201814,0
91.254421769,0
91.277641723,0.117039
91.300861678,0.00226775
91.324081633,0
91.347301587,0
91.370521542,0
91.393741497,0
91.416961451,0
91.440181406,0
91.463401361,0
91.486621315,0
91.509841270,0
91.533061224,0
91.556281179,0
91.579501134,0.0853366
91.602721088,0
91.625941043,0.675097
91.649160998,3.75635
91.672380952,0
91.695600907,0
91.718820862,0
91.742040816,0
91.765260771,0
91.788480726,0
91.811700680,0
91.834920635,0
91.858140590,0
91.881360544,0
91.904580499,0
91.927800454,0
91.951020408,0.586627
91.974240363,0
91.997460317,0
92.020680272,0
92.043900227,0
92.067120181,0
92.090340136,0
92.113560091,0
92.136780045,0
92.160000000,0
92.183219955,0
92.206439909,0
92.229659864,0
92.252879819,0
92.276099773,0
92.299319728,0
92.322539683,3.81239
92.345759637,0.490674
92.368979592,0
92.392199546,0
92.415419501,0
92.438639456,0
92.461859410,0
92.485079365,0
92.508299320,0
92.531519274,0
92.554739229,0
92.577959184,0
92.601179138,0
92.624399093,0
92.647619048,0.984132
92.670839002,0
92.694058957,0
92.717278912,0
92.740498866,0
92.763718821,0
92.786938776,0
92.810158730,0
92.833378685,0
92.856598639,0
92.879818594,0
92.903038549,0
92.926258503,0
92.949478458,0
92.972698413,0
92.995918367,5.72971
93.019138322,7.14624
93.042358277,0
93.065578231,0
93.088798186,0
93.112018141,0
93.135238095,0
93.158458050,0
93.181678005,0
93.204897959,0
93.228117914,0
93.251337868,0
93.274557823,0
93.297777778,0
93.320997732,0.742529
93.344217687,0.220921
93.367437642,0
93.390657596,0
93.413877551,0
93.437097506,0
93.460317460,0
93.483537415,0
93.506757370,0
93.529977324,0
93.553197279,0
93.576417234,0
93.599637188,0
93.622857143,0
93.646077098,0.609057
93.669297052,1.88992
93.692517007,0.388004
93.715736961,0
93.738956916,0
93.762176871,0
93.785396825,0
93.808616780,0
93.831836735,0
93.855056689,0
93.878276644,0
93.901496599,0
93.924716553,0
93.947936508,0
93.971156463,0
93.994376417,0
94.017596372,0
94.040816327,0
94.064036281,0
94.087256236,0
94.110476190,0
94.133696145,0
94.156916100,0
94.180136054,0
94.203356009,0
94.226575964,0
94.249795918,0
94.273015873,0
94.296235828,0
94.319455782,0
94.342675737,7.47901
94.365895692,3.93001
94.389115646,0
94.412335601,0
94.435555556,0
94.458775510,0
94.481995465,0
94.505215420,0
94.528435374,0
94.551655329,0
94.574875283,0
94.598095238,0
94.621315193,0
94.644535147,0.0373012
94.667755102,1.29034
94.690975057,0
94.714195011,0
94.737414966,0
94.760634921,0
94.783854875,0
94.807074830,0
94.830294785,0
94.853514739,0
94.876734694,0
94.899954649,0
94.923174603,0
94.946394558,0
94.969614512,0
94.992834467,0
95.016054422,2.80939
95.039274376,5.08741
95.062494331,0
95.085714286,0
95.108934240,0
95.132154195,0
95.155374150,0
95.178594104,0.458172
95.201814059,0.396567
95.225034014,0
95.248253968,0
95.271473923,0
95.294693878,0
95.317913832,0
95.341133787,0
95.364353741,0
95.387573696,0
95.410793651,0
95.434013605,0
95.457233560,0
95.480453515,0
95.503673469,0
95.526893424,0
95.550113379,0
95.573333333,0
95.596553288,0
95.619773243,0
95.642993197,0
95.666213152,0
95.689433107,3.0697
95.712653061,6.10659
95.735873016,0
95.759092971,0
95.782312925,0
95.805532880,0
95.828752834,0
95.851972789,0
95.875192744,0
95.898412698,0
95.921632653,0
95.944852608,0
95.968072562,0
95.991292517,0
96.014512472,0.213467
96.037732426,0
96.060952381,0
96.084172336,0
96.107392290,0
96.130612245,0
96.153832200,0
96.177052154,0
96.200272109,0
96.223492063,0
96.246712018,0
96.269931973,0
96.293151927,0
96.316371882,0
96.339591837,0
96.362811791,1.36157
96.386031746,3.17174
96.409251701,0
96.432471655,0
96.455691610,0
96.478911565,0
96.502131519,0
96.525351474,0
96.548571429,0
96.571791383,0
96.595011338,0
96.618231293,0
96.641451247,0
96.664671202,0.0343821
96.687891156,0.331577
96.711111111,0
96.734331066,0
96.757551020,0
96.780770975,0
96.803990930,0
96.827210884,0
96.850430839,0
96.873650794,0
96.896870748,0
96.920090703,0
96.943310658,0
96.966530612,0
96.989750567,0
97.012970522,0
97.036190476,0
97.059410431,4.55433
97.082630385,2.20417
97.105850340,0
97.129070295,0
97.152290249,0
97.175510204,0
97.198730159,0
97.221950113,0
97.245170068,0
97.268390023,0
97.291609977,0
97.314829932,0
97.338049887,0
97.361269841,0
97.384489796,0.107612
97.407709751,0
97.430929705,0
97.454149660,0
97.477369615,0
97.500589569,0
97.523809524,0
97.547029478,0
97.570249433,0
97.593469388,0
97.616689342,0
97.639909297,0
97.663129252,0
97.686349206,0
97.709569161,0
97.732789116,1.87801
97.756009070,1.80087
97.779229025,0
97.802448980,0
97.825668934,0
97.848888889,0
97.872108844,0.0381926
97.895328798,0.273014
97.918548753,0
97.941768707,0
97.964988662,0
97.988208617,0
98.011428571,0
98.034648526,0
98.057868481,0
98.081088435,0
98.104308390,0
98.127528345,0
98.150748299,0
98.173968254,0
98.197188209,0
98.220408163,0
98.243628118,0
98.266848073,0
98.290068027,0
98.313287982,0
98.336507937,0
98.359727891,0
98.382947846,0
98.406167800,0
98.429387755,2.07996
98.452607710,8.68993
98.475827664,0
98.499047619,0
98.522267574,0
98.545487528,0
98.568707483,0
98.591927438,0
98.615147392,0
98.638367347,0
98.661587302,0
98.684807256,0
98.708027211,0
98.731247166,0
98.754467120,0.129102
98.777687075,1.00624
98.800907029,0
98.824126984,0
98.847346939,0
98.870566893,0
98.893786848,0
98.917006803,0
98.940226757,0
98.963446712,0
98.986666667,0
99.009886621,0
99.033106576,0
99.056326531,0
99.079546485,0
99.102766440,0
99.125986395,0.815958
99.149206349,1.68076
99.172426304,0.0238515
99.195646259,0
99.218866213,0
99.242086168,0
99.265306122,0
99.288526077,0
99.311746032,0
99.334965986,0
99.358185941,0
99.381405896,0
99.404625850,0
99.427845805,0
99.451065760,0
99.474285714,0.0544535
99.497505669,0
99.520725624,0
99.543945578,0
99.567165533,0
99.590385488,0
99.613605442,0.18132
99.636825397,0.0987337
99.660045351,0
99.683265306,0
99.706485261,0
99.729705215,0
99.752925170,0
99.776145125,0.140733
99.799365079,0.100359
99.822585034,0.277342
99.845804989,0.00295517
99.869024943,0
99.892244898,0
99.915464853,0
99.938684807,0
99.961904762,0
99.985124717,0
100.008344671,0
100.031564626,0
100.054784580,0.0047908
100.078004535,0
100.101224490,0
100.124444444,0
100.147664399,0
100.170884354,0
100.194104308,0
100.217324263,0
100.240544218,0
100.263764172,0
100.286984127,0
100.310204082,0
100.333424036,0
100.356643991,0
100.379863946,0
100.403083900,0
100.426303855,0
100.449523810,0
100.472743764,0.988727
100.495963719,3.18877
100.519183673,0
100.542403628,0
100.565623583,0
100.588843537,0
100.612063492,0
100.635283447,0
100.658503401,0
100.681723356,0
100.704943311,0
100.728163265,0
100.751383220,0
100.774603175,0
100.797823129,0
100.821043084,0.0619633
100.844263039,0
100.867482993,0
100.890702948,0
100.913922902,0
100.937142857,0
100.960362812,0
100.983582766,0.0874393
101.006802721,0
101.030022676,0
101.053242630,0
101.076462585,0
101.099682540,0
101.122902494,0
101.146122449,0
101.169342404,0.284251
101.192562358,0.606451
101.215782313,0
101.239002268,0
101.262222222,0
101.285442177,0
101.308662132,0
101.331882086,0.106633
101.355102041,0.00464571
101.378321995,0
101.401541950,0
101.424761905,0
101.447981859,0
101.471201814,0
101.494421769,0.21818
101.517641723,0.0991249
101.540861678,0
101.564081633,0
101.587301587,0
101.610521542,0
101.633741497,0
101.656961451,0.522241
101.680181406,0.213165
101.703401361,0
101.726621315,0
101.749841270,0
101.773061224,0
101.796281179,0
101.819501134,0
101.842721088,0.0283268
101.865941043,0.645875
101.889160998,0.224355
101.912380952,0
101.935600907,0
101.958820862,0
101.982040816,0
102.005260771,0
102.028480726,0
102.051700680,0
102.074920635,0
102.098140590,0
102.121360544,0
102.144580499,0.00690671
102.167800454,0.22742
102.191020408,0.02762
102.214240363,0
102.237460317,0
102.260680272,0
102.283900227,0
102.307120181,0
102.330340136,0.0110424
102.353560091,0.11975
102.376780045,0.0471708
102.400000000,0
102.423219955,0
102.446439909,0
102.469659864,0
102.492879819,0
102.516099773,0.041569
102.539319728,0.130029
102.562539683,0.336745
102.585759637,0
102.608979592,0
102.632199546,0
102.655419501,0
102.678639456,0.124555
102.701859410,0
102.725079365,0
102.748299320,0
102.771519274,0
102.794739229,0
102.817959184,0
102.841179138,0
102.864399093,0
102.887619048,0
102.910839002,0
102.934058957,0
102.957278912,0.0463612
102.980498866,0
103.003718821,0.0645604
103.026938776,0
103.050158730,0
103.073378685,0
103.096598639,0
103.119818594,0
103.143038549,0
103.166258503,0
103.189478458,0
103.212698413,0.823074
103.235918367,0.845378
103.259138322,0
103.282358277,0
103.305578231,0
103.328798186,0
103.352018141,0
103.375238095,0
103.398458050,0
103.421678005,0
103.444897959,0
103.468117914,0
103.491337868,0.0062946
103.514557823,0.127514
103.537777778,0.057658
103.560997732,0
103.584217687,0
103.607437642,0
103.630657596,0
103.653877551,0
103.677097506,0.0150584
103.700317460,0.0797315
103.723537415,0.0888044
103.746757370,0
103.769977324,0
103.793197279,0
103.816417234,0
103.839637188,0
103.862857143,0
103.886077098,0.000511594
103.909297052,0.113088
103.932517007,0.0237943
103.955736961,0
103.978956916,0
104.002176871,0
104.025396825,0
104.048616780,0.00554657
104.071836735,0.291267
104.095056689,0
104.118276644,0
104.141496599,0
104.164716553,0
104.187936508,0
104.211156463,0
104.234376417,0.180087
104.257596372,0
104.280816327,0
104.304036281,0
104.327256236,0
104.350476190,0
104.373696145,0.104439
104.396916100,0.400523
104.420136054,0.211
104.443356009,0
104.466575964,0
104.489795918,0
104.513015873,0
104.536235828,0
104.559455782,0.0454825
104.582675737,0.30616
104.605895692,0.15065
104.629115646,0
104.652335601,0
104.675555556,0
104.698775510,0
104.721995465,0.0715536
104.745215420,0.148767
104.768435374,0
104.791655329,0
104.814875283,0
104.838095238,0
104.861315193,0
104.884535147,0
104.907755102,0.189145
104.930975057,0.0225744
104.954195011,0
104.977414966,0
105.000634921,0
105.023854875,0
105.047074830,0.0209862
105.070294785,0.0374631
105.093514739,0
105.116734694,0
105.139954649,0
105.163174603,0
105.186394558,0
105.209614512,0
105.232834467,0.037706
105.256054422,0.0570056
105.279274376,0.307896
105.302494331,0.030731
105.325714286,0
105.348934240,0
105.372154195,0
105.395374150,0.274069
105.418594104,0.171632
105.441814059,0
105.465034014,0
105.488253968,0
105.511473923,0.00513791
105.534693878,0
105.557913832,0.0156807
105.581133787,0.0866626
105.604353741,0
105.627573696,0
105.650793651,0
105.674013605,0
105.697233560,0
105.720453515,0
105.743673469,0
105.766893424,0
105.790113379,0
105.813333333,0
105.836553288,0
105.859773243,0
105.882993197,0
105.906213152,0.0243764
105.929433107,1.21867
105.952653061,0.848094
105.975873016,0
105.999092971,0
106.022312925,0
106.045532880,0
106.068752834,0
106.091972789,0
106.115192744,0.0194727
106.138412698,0
106.161632653,0
106.184852608,0
106.208072562,0
106.231292517,0
106.254512472,0.0270964
106.277732426,0.0463533
106.300952381,0
106.324172336,0
106.347392290,0
106.370612245,0
106.393832200,0.0219745
106.417052154,0
106.440272109,0
106.463492063,0
106.486712018,0
106.509931973,0
106.533151927,0
106.556371882,0
106.579591837,0.00785995
106.602811791,0.584708
106.626031746,0.839295
106.649251701,0.126626
106.672471655,0
106.695691610,0
106.718911565,0
106.742131519,0
106.765351474,0.00870375
106.788571429,0.488058
106.811791383,0
106.835011338,0
106.858231293,0
106.881451247,0
106.904671202,0.135664
106.927891156,0
106.951111111,0.0751013
106.974331066,0.00521186
106.997551020,0
107.020770975,0
107.043990930,0
107.067210884,0.303738
107.090430839,0.159697
107.113650794,0.0339856
107.136870748,0
107.160090703,0
107.183310658,0
107.206530612,0
107.229750567,0
107.252970522,0.0608307
107.276190476,0
107.299410431,0.0666598
107.322630385,0.0494246
107.345850340,0
107.369070295,0
107.392290249,0
107.415510204,0
107.438730159,0
107.461950113,0
107.485170068,0
107.508390023,0
107.531609977,0
107.554829932,0
107.578049887,0
107.601269841,0.0518787
107.624489796,0.353809
107.647709751,0
107.670929705,0
107.694149660,0
107.717369615,0
107.740589569,0
107.763809524,0.127757
107.787029478,0.178005
107.810249433,0
107.833469388,0
107.856689342,0
107.879909297,0
107.903129252,0
107.926349206,0
107.949569161,0.0142949
107.972789116,0.364099
107.996009070,0.599552
108.019229025,0
108.042448980,0
108.065668934,0
108.088888889,0
108.112108844,0
108.135328798,0.0282827
108.158548753,0
108.181768707,0
108.204988662,0
108.228208617,0
108.251428571,0
108.274648526,0
108.297868481,0.179497
108.321088435,0.113111
108.344308390,0
108.367528345,0
108.390748299,0
108.413968254,0.0542515
108.437188209,0
108.460408163,0
108.483628118,0
108.506848073,0
108.530068027,0
108.553287982,0
108.576507937,0
108.599727891,0
108.622947846,0
108.646167800,0.69855
108.669387755,1.5938
108.692607710,0
108.715827664,0
108.739047619,0
108.762267574,0
108.785487528,0
108.808707483,0
108.831927438,0
108.855147392,0
108.878367347,0
108.901587302,0
108.924807256,0
108.948027211,0.012922
108.971247166,0.0813658
108.994467120,0.271348
109.017687075,0
109.040907029,0
109.064126984,0
109.087346939,0
109.110566893,0
109.133786848,0.0625642
109.157006803,0
109.180226757,0
109.203446712,0
109.226666667,0
109.249886621,0
109.273106576,0
109.296326531,0
109.319546485,0.630194
109.342766440,1.10254
109.365986395,0
109.389206349,0
109.412426304,0
109.435646259,0
109.458866213,0
109.482086168,0.126845
109.505306122,0
109.528526077,0
109.551746032,0
109.574965986,0
109.598185941,0
109.621405896,0.0343684
109.644625850,0.443749
109.667845805,0.111723
109.691065760,0
109.714285714,0
109.737505669,0
109.760725624,0
109.783945578,0
109.807165533,0
109.830385488,0
109.853605442,0
109.876825397,0
109.900045351,0
109.923265306,0
109.946485261,0
109.969705215,0
109.992925170,0.125204
110.016145125,0.418124
110.039365079,0.074253
110.062585034,0
110.085804989,0
110.109024943,0
110.132244898,0
110.155464853,0
110.178684807,0
110.201904762,0.055113
110.225124717,0
110.248344671,0
110.271564626,0
110.294784580,0
110.318004535,0.0796384
110.341224490,0.5506
110.364444444,0.118339
110.387664399,0
110.410884354,0
110.434104308,0
110.457324263,0
110.480544218,0
110.503764172,0.023449
110.526984127,0
110.550204082,0.0250451
110.573424036,0.26713
110.596643991,0.0366625
110.619863946,0
110.643083900,0
110.666303855,0
110.689523810,0.135501
110.712743764,0.00306679
110.735963719,0
110.759183673,0
110.782403628,0
110.805623583,0
110.828843537,0
110.852063492,0.0232225
110.875283447,0
110.898503401,0
110.921723356,0
110.944943311,0.0327489
110.968163265,0.719546
110.991383220,0.273669
111.014603175,0
111.037823129,0
111.061043084,0
111.084263039,0
111.107482993,0
111.130702948,0
111.153922902,0
111.177142857,0
111.200362812,0
111.223582766,0
111.246802721,0
111.270022676,0
111.293242630,0
111.316462585,0
111.339682540,0
111.362902494,0.897445
111.386122449,0.862828
111.409342404,0
111.432562358,0
111.455782313,0
111.479002268,0
111.502222222,0
111.525442177,0
111.548662132,0
111.571882086,0.0363866
111.595102041,0
111.618321995,0
111.641541950,0
111.664761905,0
111.687981859,0.312715
111.711201814,0.10296
111.734421769,0
111.757641723,0
111.780861678,0
111.804081633,0
111.827301587,0
111.850521542,0.132153
111.873741497,0.0227502
111.896961451,0
111.920181406,0
111.943401361,0
111.966621315,0
111.989841270,0
112.013061224,0
112.036281179,0.244034
112.059501134,0.703407
112.082721088,0.0978819
112.105941043,0
112.129160998,0
112.152380952,0
112.175600907,0
112.198820862,0
112.222040816,0
112.245260771,0
112.268480726,0
112.291700680,0
112.314920635,0
112.338140590,0.381035
112.361360544,0.230482
112.384580499,0
112.407800454,0
112.431020408,0
112.454240363,0
112.477460317,0
112.500680272,0
112.523900227,0
112.547120181,0.62072
112.570340136,0.0379032
112.593560091,0
112.616780045,0
112.640000000,0
112.663219955,0
112.686439909,0
112.709659864,0.0604269
112.732879819,0.145851
112.756099773,0.17422
112.779319728,0
112.802539683,0
112.825759637,0
112.848979592,0
112.872199546,0
112.895419501,0.092648
112.918639456,0.124819
112.941859410,0.00445396
112.965079365,0
112.988299320,0
113.011519274,0
113.034739229,0
113.057959184,0
113.081179138,0
113.104399093,0.0387326
113.127619048,0
113.150839002,0
113.174058957,0
113.197278912,0
113.220498866,0.0439116
113.243718821,0
113.266938776,0
113.290158730,0
113.313378685,0
113.336598639,0
113.359818594,0
113.383038549,0
113.406258503,0.298827
113.429478458,0.659622
113.452698413,0
113.475918367,0
113.499138322,0
113.522358277,0
113.545578231,0
113.568798186,0.00850159
113.592018141,0
113.615238095,0
113.638458050,0
113.661678005,0
113.684897959,0
113.708117914,0
113.731337868,0
113.754557823,0
113.777777778,0.167511
113.800997732,0.0536958
113.824217687,0.019358
113.847437642,0
113.870657596,0
113.893877551,0
113.917097506,0
113.940317460,0
113.963537415,0
113.986757370,0
114.009977324,0
114.033197279,0
114.056417234,0
114.079637188,0.241872
114.102857143,0.4986
114.126077098,0
114.149297052,0
114.172517007,0
114.195736961,0
114.218956916,0.0250392
114.242176871,0
114.265396825,0
114.288616780,0
114.311836735,0
114.335056689,0
114.358276644,0
114.381496599,0
114.404716553,0.126048
114.427936508,0.177148
114.451156463,0
114.474376417,0
114.497596372,0
114.520816327,0
114.544036281,0.058081
114.567256236,0.374026
114.590476190,0
114.613696145,0
114.636916100,0
114.660136054,0
114.683356009,0
114.706575964,0
114.729795918,0
114.753015873,0.0262712
114.776235828,0.15859
114.799455782,0
114.822675737,0
114.845895692,0
114.869115646,0
114.892335601,0
114.915555556,0.00177135
114.938775510,0.0350725
114.961995465,0
114.985215420,0
115.008435374,0
115.031655329,0
115.054875283,0.108019
115.078095238,0.19226
115.101315193,0.327594
115.124535147,0
115.147755102,0
115.170975057,0
115.194195011,0
115.217414966,0
115.240634921,0
115.263854875,0
115.287074830,0
115.310294785,0
115.333514739,0
115.356734694,0
115.379954649,0
115.403174603,0.0274935
115.426394558,0
115.449614512,0.177221
115.472834467,0.225979
115.496054422,0
115.519274376,0
115.542494331,0
115.565714286,0
115.588934240,0
115.612154195,0.158503
115.635374150,0
115.658594104,0
115.681814059,0
115.705034014,0.0310251
115.728253968,0.369606
115.751473923,0.065322
115.774693878,0.0584479
115.797913832,0
115.821133787,0
115.844353741,0
115.867573696,0
115.890793651,0
115.914013605,0
115.937233560,0
115.960453515,0
115.983673469,0
116.006893424,0
116.030113379,0
116.053333333,0
116.076553288,0
116.099773243,0.24969
116.122993197,0.260355
116.146213152,0.42685
116.169433107,0.0560617
116.192653061,0
116.215873016,0
116.239092971,0
116.262312925,0
116.285532880,0
116.308752834,0
116.331972789,0
116.355192744,0
116.378412698,0.0385931
116.401632653,0.0703865
116.424852608,0
116.448072562,0
116.471292517,0.00632911
116.494512472,0.0676524
116.517732426,0
116.540952381,0
116.564172336,0
116.587392290,0
116.610612245,0
116.633832200,0
116.657052154,0
116.680272109,0
116.703492063,0
116.726712018,0
116.749931973,0
116.773151927,0
116.796371882,0.538902
116.819591837,0.987491
116.842811791,0
116.866031746,0
116.889251701,0
116.912471655,0
116.935691610,0
116.958911565,0
116.982131519,0
117.005351474,0
117.028571429,0
117.051791383,0
117.075011338,0
117.098231293,0
117.121451247,0.945686
117.144671202,0.173035
117.167891156,0
117.191111111,0
117.214331066,0
117.237551020,0
117.260770975,0.303244
117.283990930,0
117.307210884,0
117.330430839,0
117.353650794,0
117.376870748,0
117.400090703,0
117.423310658,0
117.446530612,0
117.469750567,0.124149
117.492970522,0.311978
117.516190476,0
117.539410431,0
117.562630385,0
117.585850340,0
117.609070295,0
117.632290249,0.0105633
117.655510204,0.124469
117.678730159,0
117.701950113,0
117.725170068,0
117.748390023,0
117.771609977,0
117.794829932,0.016131
117.818049887,0.0748852
117.841269841,0
117.864489796,0
117.887709751,0.00432487
117.910929705,0
117.934149660,0
117.957369615,0.047117
117.980589569,0.117876
118.003809524,0
118.027029478,0
118.050249433,0
118.073469388,0
118.096689342,0.061569
118.119909297,0.00915881
118.143129252,0
118.166349206,0.226772
118.189569161,0.0493702
118.212789116,0
118.236009070,0
118.259229025,0
118.282448980,0
118.305668934,0
118.328888889,0
118.352108844,0
118.375328798,0
118.398548753,0
118.421768707,0
118.444988662,0
118.468208617,0.0705119
118.491428571,0.212869
118.514648526,0
118.537868481,0
118.561088435,0
118.584308390,0
118.607528345,0.177282
118.630748299,0.383179
118.653968254,0
118.677188209,0
118.700408163,0
118.723628118,0
118.746848073,0
118.770068027,0
118.793287982,0
118.816507937,0.161524
118.839727891,0.622487
118.862947846,0
118.886167800,0
118.909387755,0
118.932607710,0
118.955827664,0
118.979047619,0
119.002267574,0.12963
119.025487528,0
119.048707483,0
119.071927438,0
119.095147392,0
119.118367347,0
119.141587302,0.104345
119.164807256,0.319768
119.188027211,0
119.211247166,0
119.234467120,0
119.257687075,0
119.280907029,0
119.304126984,0
119.327346939,0
119.350566893,0
119.373786848,0
119.397006803,0
119.420226757,0
119.443446712,0
119.466666667,0
119.489886621,0.103979
119.513106576,0.704233
119.536326531,0.2064
119.559546485,0
119.582766440,0
119.605986395,0
119.629206349,0
119.652426304,0
119.675646259,0
119.698866213,0
119.722086168,0
119.745306122,0
119.768526077,0
119.791746032,0
119.814965986,0.0855804
119.838185941,0.12346
119.861405896,0
119.884625850,0
119.907845805,0
119.931065760,0
119.954285714,0.201905
119.977505669,0.406519
120.000725624,0.124014
120.023945578,0
120.047165533,0
120.070385488,0
120.093605442,0
120.116825397,0.0635764
120.140045351,0
120.163265306,0
120.186485261,0.199306
120.209705215,0.389653
120.232925170,0
120.256145125,0
120.279365079,0
120.302585034,0
120.325804989,0
120.349024943,0
120.372244898,0
120.395464853,0
120.418684807,0
120.441904762,0
120.465124717,0
120.488344671,0
120.511564626,0
120.534784580,0
120.558004535,0
120.581224490,0
120.604444444,0
120.627664399,0
120.650884354,0
120.674104308,0
120.697324263,0
120.720544218,0
120.743764172,0
120.766984127,0
120.790204082,0
120.813424036,5.53324
120.836643991,21.8081
120.859863946,1.38348
120.883083900,0
120.906303855,0
120.929523810,0
120.952743764,0
120.975963719,0
120.999183673,0
121.022403628,0
121.045623583,0
121.068843537,0
121.092063492,0
121.115283447,5.9849
121.138503401,16.9949
121.161723356,0
121.184943311,0
121.208163265,0
121.231383220,0
121.254603175,0
121.277823129,0
121.301043084,0
121.324263039,0
121.347482993,0
121.370702948,0
121.393922902,0
121.417142857,0
121.440362812,0
121.463582766,0
121.486802721,0
121.510022676,19.5221
121.533242630,22.158
121.556462585,0
121.579682540,0
121.602902494,0
121.626122449,0
121.649342404,0
121.672562358,0
121.695782313,0
121.719002268,0
121.742222222,0
121.765442177,0
121.788662132,0
121.811882086,0
121.835102041,0
121.858321995,9.10951
121.881541950,0
121.904761905,0
121.927981859,0
121.951201814,0
121.974421769,0
121.997641723,0
122.020861678,0.21361
122.044081633,0
122.067301587,0
122.090521542,0
122.113741497,0
122.136961451,5.64497
122.160181406,10.7318
122.183401361,2.38974
122.206621315,2.08559
122.229841270,0
122.253061224,0
122.276281179,0
122.299501134,0
122.322721088,0
122.345941043,0
122.369160998,0
122.392380952,0.354524
122.415600907,0
122.438820862,0
122.462040816,0
122.485260771,0.0863123
122.508480726,0.319338
122.531700680,0
122.554920635,0
122.578140590,0
122.601360544,0
122.624580499,0
122.647800454,0
122.671020408,0
122.694240363,0
122.717460317,0
122.740680272,0
122.763900227,0
122.787120181,0
122.810340136,0
122.833560091,0
122.856780045,0
122.880000000,18.4538
122.903219955,26.2376
122.926439909,0
122.949659864,0
122.972879819,0
122.996099773,0
123.019319728,0
123.042539683,0
123.065759637,0
123.088979592,0
123.112199546,0
123.135419501,0
123.158639456,0
123.181859410,11.6676
123.205079365,9.87299
123.228299320,0
123.251519274,0
123.274739229,0
123.297959184,0
123.321179138,0
123.344399093,0
123.367619048,0
123.390839002,0
123.414058957,0
123.437278912,0
123.460498866,0
123.483718821,0
123.506938776,0
123.530158730,0
123.553378685,0
123.576598639,11.3345
123.599818594,24.1802
123.623038549,0
123.646258503,0
123.669478458,0
123.692698413,0
123.715918367,0
123.739138322,0
123.762358277,0
123.785578231,0
123.808798186,0
123.832018141,0
123.855238095,0
123.878458050,6.67123
123.901678005,5.96405
123.924897959,0
123.948117914,0
123.971337868,0
123.994557823,0
124.017777778,0
124.040997732,0
124.064217687,0
124.087437642,0
124.110657596,0
124.133877551,0
124.157097506,0
124.180317460,0
124.203537415,0
124.226757370,0
124.249977324,9.58513
124.273197279,24.6134
124.296417234,0
124.319637188,0
124.342857143,0
124.366077098,0
124.389297052,0
124.412517007,0
124.435736961,0.0516709
124.458956916,0
124.482176871,0
124.505396825,0
124.528616780,0
124.551836735,0
124.575056689,0
124.598276644,10.3276
124.621496599,0
124.644716553,0
124.667936508,0
124.691156463,0
124.714376417,0
124.737596372,0
124.760816327,0
124.784036281,0
124.807256236,0
124.830476190,0
124.853696145,0
124.876916100,6.85926
124.900136054,11.2936
124.923356009,4.49178
124.946575964,1.34597
124.969795918,0
124.993015873,0
125.016235828,0
125.039455782,0
125.062675737,0
125.085895692,0
125.109115646,0.149378
125.132335601,0.130516
125.155555556,0
125.178775510,0
125.201995465,0
125.225215420,0
125.248435374,0
125.271655329,0
125.294875283,0
125.318095238,0
125.341315193,0
125.364535147,0
125.387755102,0
125.410975057,0
125.434195011,0
125.457414966,0
125.480634921,0
125.503854875,0
125.527074830,0
125.550294785,0
125.573514739,0
125.596734694,12.9415
125.619954649,22.5885
125.643174603,0
125.666394558,0
125.689614512,0
125.712834467,0
125.736054422,0
125.759274376,0
125.782494331,0
125.805714286,0
125.828934240,0
125.852154195,0
125.875374150,0
125.898594104,6.87434
125.921814059,14.9864
125.945034014,0
125.968253968,0
125.991473923,0
126.014693878,0
126.037913832,0
126.061133787,0
126.084353741,0
126.107573696,0
126.130793651,0
126.154013605,0
126.177233560,0
126.200453515,0
126.223673469,0
126.246893424,0
126.270113379,0
126.293333333,15.6675
126.316553288,26.5271
126.339773243,0
126.362993197,0
126.386213152,0
126.409433107,0
126.432653061,0
126.455873016,0
126.479092971,0
126.502312925,0
126.525532880,0
126.548752834,0
126.571972789,0
126.595192744,15.057
126.618412698,8.66642
126.641632653,0
126.664852608,0
126.688072562,0
126.711292517,0
126.734512472,0
126.757732426,0
126.780952381,0
126.804172336,0
126.827392290,0
126.850612245,0
126.873832200,0
126.897052154,0
126.920272109,0
126.943492063,0
126.966712018,9.05506
126.989931973,21.4678
127.013151927,0
127.036371882,0
127.059591837,0
127.082811791,0
127.106031746,0
127.129251701,0
127.152471655,0
127.175691610,0
127.198911565,0
127.222131519,0
127.245351474,0
127.268571429,0
127.291791383,0
127.315011338,8.19936
127.338231293,0.00361574
127.361451247,0
127.384671202,0
127.407891156,0
127.431111111,0
127.454331066,0
127.477551020,0
127.500770975,0
127.523990930,0
127.547210884,0
127.570430839,0
127.593650794,5.24535
127.616870748,10.0045
127.640090703,2.94392
127.663310658,2.16153
127.686530612,0
127.709750567,0
127.732970522,0
127.756190476,0
127.779410431,0
127.802630385,0
127.825850340,0.166574
127.849070295,0
127.872290249,0
127.895510204,0
127.918730159,0
127.941950113,0.261442
127.965170068,0
127.988390023,0
128.011609977,0
128.034829932,0
128.058049887,0
128.081269841,0
128.104489796,0
128.127709751,0
128.150929705,0
128.174149660,0
128.197369615,0
128.220589569,0
128.243809524,0
128.267029478,0
128.290249433,0
128.313469388,5.87834
128.336689342,23.9695
128.359909297,3.05968
128.383129252,0
128.406349206,0
128.429569161,0
128.452789116,0
128.476009070,0
128.499229025,0
128.522448980,0
128.545668934,0
128.568888889,0
128.592108844,0
128.615328798,15.2464
128.638548753,12.4058
128.661768707,0
128.684988662,0
128.708208617,0
128.731428571,0
128.754648526,0
128.777868481,0
128.801088435,0
128.824308390,0
128.847528345,0
128.870748299,0
128.893968254,0
128.917188209,0
128.940408163,0
128.963628118,0
128.986848073,0
129.010068027,7.6254
129.033287982,13.7821
129.056507937,0
129.079727891,0
129.102947846,0
129.126167800,0
129.149387755,0
129.172607710,0
129.195827664,0
129.219047619,0
129.242267574,0
129.265487528,0
129.288707483,0
129.311927438,1.92667
129.335147392,0.791581
129.358367347,0
129.381587302,0
129.404807256,0
129.428027211,0
129.451247166,0
129.474467120,0
129.497687075,0
129.520907029,0
129.544126984,0
129.567346939,0
129.590566893,0
129.613786848,0
129.637006803,0
129.660226757,0
129.683446712,0
129.706666667,10.9524
129.729886621,5.97533
129.753106576,0
129.776326531,0
129.799546485,0
129.822766440,0
129.845986395,0
129.869206349,0
129.892426304,0
129.915646259,0
129.938866213,0
129.962086168,0
129.985306122,0
130.008526077,0
130.031746032,0
130.054965986,0
130.078185941,0
130.101405896,0
130.124625850,0
130.147845805,0
130.171065760,0
130.194285714,0
130.217505669,0
130.240725624,0
130.263945578,0
130.287165533,0
130.310385488,2.44344
130.333605442,1.08021
130.356825397,0
130.380045351,0.774488
130.403265306,0.359654
130.426485261,0
130.449705215,0
130.472925170,0
130.496145125,0
130.519365079,0.0634587
130.542585034,0
130.565804989,0
130.589024943,0
130.612244898,0
130.635464853,0.242778
130.658684807,0
130.681904762,0
130.705124717,1.39554
130.728344671,0.134265
130.751564626,0
130.774784580,0
130.798004535,0
130.821224490,0
130.844444444,0
130.867664399,0
130.890884354,0
130.914104308,0
130.937324263,0
130.960544218,0
130.983764172,0
131.006984127,0
131.030204082,0.0140397
131.053424036,0
131.076643991,0
131.099863946,0
131.123083900,0
131.146303855,0
131.169523810,0
131.192743764,0
131.215963719,0
131.239183673,0
131.262403628,0
131.285623583,0
131.308843537,0
131.332063492,0
131.355283447,0
131.378503401,0
131.401723356,0
131.424943311,0.00529805
131.448163265,0
131.471383220,0.0115923
131.494603175,0
131.517823129,0.0038424
131.541043084,0.00371855
131.564263039,0.00395503
131.587482993,0
131.610702948,0
131.633922902,0.00112616
131.657142857,0
131.680362812,0
131.703582766,0
131.726802721,0.0164939
131.750022676,0.000177578
131.773242630,0.00196796
131.796462585,0.000694066
131.819682540,0
131.842902494,0.00115649
131.866122449,0.00789519
131.889342404,0
131.912562358,0
131.935782313,0
131.959002268,0
131.982222222,0
132.005442177,0
132.028662132,0
132.051882086,0.00263795
132.075102041,0
132.098321995,0
132.121541950,0
132.144761905,0.00898416
132.167981859,0
132.191201814,0
132.214421769,0
132.237641723,0
132.260861678,0
132.284081633,0
132.307301587,0.00483348
132.330521542,0.000985806
132.353741497,0
132.376961451,0
132.400181406,0.000520507
132.423401361,0
132.446621315,0.00157488
132.469841270,0
132.493061224,0.00196284
132.516281179,0.0133717
132.539501134,0.0175059
132.562721088,0
132.585941043,0
132.609160998,0.00435032
132.632380952,0.00137752
132.655600907,0.00121908
132.678820862,0
132.702040816,0
132.725260771,0.00438917
132.748480726,0
132.771700680,0
132.794920635,0.00107392
132.818140590,0.000410993
132.841360544,0.00115702
132.864580499,0
132.887800454,0.00086219
132.911020408,0.000513205
132.934240363,0
132.957460317,0
132.980680272,0.00244859
133.003900227,0.00195659
133.027120181,0.00663397
133.050340136,0
133.073560091,0
133.096780045,0
133.120000000,0
133.143219955,0
133.166439909,0
133.189659864,0
133.212879819,0
133.236099773,0
133.259319728,0
133.282539683,0
133.305759637,0